filename,PQI,PNI,Species_Predicted,Species_Confidence,COL1A1_Corrected,COL1A2_Corrected,COL1A1_to_COL1A2_Ratio,COL3A1_Peaks,Mean_PPM_Error,Std_PPM_Error,Mean_Confidence,Total_Ion_Count,Ratio_QC,Fetal_Markers,Age_Category,filename_match
20251217-0922_TTF_013400_ONJ_TR_MC_2025_12_17_2101005550.mzXML,0.6771379391838331,0.0,Dipnotetrapodomorpha,0.3902762815487095,2373473529.0,1767229674.6000001,1.3430475750341953,446387.0,-0.06425539507970317,1.8853335913773321,60.59167087379187,3311897632.0,FAIL,1,Young,20251217-0922_TTF_013400_ONJ_TR_MC_2025_12_17_2101005550
63-146_K23.txt,,,Dipnotetrapodomorpha,0.3424759080800593,5586744.0,4710323.8,1.186063684199375,2317.0,-0.10749565189783031,1.4577516325805064,65.02245295661498,9575362.0,FAIL,1,Young,63-146_K23
63-146_L19.txt,,,Dipnotetrapodomorpha,0.4235602094240838,17429673.0,7451113.8,2.339203704015365,1976.0,0.0417881309980257,1.2113546186111832,68.03907055693702,19925078.0,FAIL,1,Young,63-146_L19
63-146_L9.txt,1.0,,Dipnotetrapodomorpha,0.44991280759542723,26590686.0,5565549.600000001,4.777728690083006,2313.0,-0.007259918080892496,1.2939564861635477,67.32065021852658,19539692.0,FAIL,1,Young,63-146_L9
63-6_K22.txt,,,Dipnotetrapodomorpha,0.5333333333333333,26962290.0,389018.5,69.30850332310675,853.0,-0.580224875681449,1.7766236885129838,67.3534269871696,12377180.0,FAIL,1,Young,63-6_K22
63-6_L18.txt,,,Bovidae,0.6107784431137725,1416495.0,1042141.1000000001,1.3592161368551723,70.0,-1.2642401216515349,1.7162095051127915,64.08022407766471,1488135.0,FAIL,1,Young,63-6_L18
63-6_L8.txt,1.0,,Dipnotetrapodomorpha,0.5210466439135382,11362629.0,7836353.2,1.4499893904731094,4409.0,-0.1451721098902887,1.0681375702696954,69.59178222223004,24515628.0,FAIL,1,Young,63-6_L8
65-129_K24.txt,1.0,,Bovidae,0.38846825859056494,4222494.0,2396267.9,1.7621126586054925,464.0,-0.2379375739507194,2.262704456352829,52.5056815468819,4426036.0,FAIL,1,Young,65-129_K24
65-129_L10.txt,,,Dipnotetrapodomorpha,0.5878312070657508,26276985.0,4496034.4,5.8444804158971735,832.0,-0.0447805007875017,1.427113020457074,65.61331055995262,14373198.0,FAIL,1,Young,65-129_L10
65-129_L20.txt,,,Bovidae,0.4021072796934866,16848375.0,7128492.8,2.3635255688271157,899.0,-0.05154434953463761,1.2340454251580348,67.59314244441923,13580297.0,FAIL,1,Young,65-129_L20
65-130_L1.txt,1.0,,Euteleostomi,0.3690176322418136,15638679.0,5295695.600000001,2.95309250780955,1852.0,-0.09252616479757853,1.231827552485759,67.42651010893832,13282235.0,FAIL,1,Young,65-130_L1
65-130_L11.txt,,,Dipnotetrapodomorpha,0.5526219288595526,10517448.0,12170975.700000001,0.8641417302312089,5301.0,0.02682629462149155,0.9300803812069003,70.68170096138844,26640652.0,FAIL,1,Young,65-130_L11
65-130_L21.txt,,,Bovidae,0.5007792207792208,14254056.0,6355349.0,2.2428439413791437,2434.0,-0.008049211038585583,1.2330093248364922,67.69967098778186,15619175.0,FAIL,1,Young,65-130_L21
67-149_L14.txt,,,Bovidae,0.28781512605042014,10700715.0,8068256.3,1.3262735592571595,2161.0,-0.060665617344874724,1.4205221327888136,65.64395955463243,32445689.0,FAIL,1,Young,67-149_L14
67-149_L24.txt,,,Dipnotetrapodomorpha,0.5755879059350504,7372140.0,6906868.8,1.0673635497463048,1244.0,-0.061151084192456864,1.4210324920990662,65.38168412217561,11084714.0,FAIL,1,Young,67-149_L24
67-149_L4.txt,,,Dipnotetrapodomorpha,0.4934926958831341,11690673.0,6628618.100000001,1.7636666984933103,3941.0,0.011481445329868016,1.094853483202645,68.85036047805012,16046307.0,FAIL,1,Young,67-149_L4
67-77_L12.txt,1.0,,Bovidae,0.44287200832466184,17328600.0,11759748.0,1.473551984277214,4792.0,0.1629856125809211,1.0639590114981494,70.0157675654732,23125325.0,FAIL,1,Young,67-77_L12
67-77_L2.txt,1.0,,Dipnotetrapodomorpha,0.4072994939426468,35246352.0,6185419.5,5.698296130116963,1235.0,-0.13698298178180227,1.122443375993416,68.96205724254324,20245487.0,FAIL,1,Young,67-77_L2
67-77_L22.txt,,,Dipnotetrapodomorpha,0.7807250221043325,3710424.0,101397.40000000001,36.59289094197681,917.0,0.2832765611122275,1.0758495477552779,71.74197646829332,5753506.0,FAIL,1,Young,67-77_L22
67-86_L13.txt,1.0,,Dipnotetrapodomorpha,0.49781465293725463,29429622.0,16519672.0,1.7814894872004723,6847.0,-0.016195658645803093,0.8199728348786619,71.8245995410535,36348164.0,FAIL,1,Young,67-86_L13
67-86_L23.txt,1.0,,Dipnotetrapodomorpha,0.4386580846498927,21859881.0,19841438.5,1.1017286372658919,3348.0,-0.05801852659151544,0.9237943255763053,70.7506751696344,32125084.0,FAIL,1,Young,67-86_L23
67-86_L3.txt,1.0,,Dipnotetrapodomorpha,0.44520879759713206,11210004.0,11108386.9,1.0091477818440047,4700.0,0.12750318498985674,1.0837546494243624,70.00786048938315,20573659.0,FAIL,1,Young,67-86_L3
EXB__IR3_I15.txt,,0.0,Bovidae,0.751269035532995,1661586.0,54659.8,30.39868422496972,0.0,-0.7447533116350415,1.4496333846887328,66.96770563493332,595908.0,FAIL,0,Adult,EXB__IR3_I15
EXB__IR3_I22.txt,0.0,0.0,Dipnotetrapodomorpha,0.38343893379943195,4300431.0,1939492.1,2.217297507940352,1984.0,2.788092792718779,2.3548237078325718,54.634291233846525,10121690.0,FAIL,1,Young,EXB__IR3_I22
EXB__IR3_I8.txt,,,Pecora,0.5442930153321976,4739940.0,1562988.7,3.0326130956672945,936.0,0.16983861186572005,0.799170141312863,71.22872115885198,4386935.0,FAIL,1,Young,EXB__IR3_I8
EXB__IR4_I16.txt,,,Bovidae,0.5714285714285714,1422.0,19351.8,0.0734815366012464,1.0,-2.014215095718242,2.952968873366276,33.741688806788666,16022.0,FAIL,0,Adult,EXB__IR4_I16
EXB__IR4_I23.txt,0.16930643946488913,,Dipnotetrapodomorpha,0.8825674690007294,19851.0,576379.7000000001,0.034440838218278674,2144.0,-1.3399365056503267,1.8350537926081347,64.70224158483724,2816017.0,FAIL,1,Young,EXB__IR4_I23
EXB__IR4_I9.txt,0.5,,Dipnotetrapodomorpha,0.5757575757575758,144753.0,18902.0,7.65807851021056,104.0,-0.19644456553136683,1.1775557515178643,67.69291085734508,969610.0,FAIL,1,Young,EXB__IR4_I9
EXB__IR5_M16.txt,1.0,,Bovidae,0.970873786407767,0.0,480738.7,0.0,3.0,-0.4010501553837773,0.5278810514976991,70.95828218998503,380341.0,FAIL,0,Adult,EXB__IR5_M16
EXB__IR5_M23.txt,,,Dipnotetrapodomorpha,0.4445752403374534,15300738.0,3144434.8000000003,4.865974005884937,3125.0,-0.45070578717562454,2.0659714720462565,65.44969358506934,21723520.0,FAIL,1,Young,EXB__IR5_M23
EXB__IR5_M9.txt,1.0,,Dipnotetrapodomorpha,0.5795744680851064,6667770.0,1523029.3,4.377965676694466,1247.0,0.1942593057500261,0.979705163011958,70.13113559411508,4598602.0,FAIL,1,Young,EXB__IR5_M9
J58_K21.txt,1.0,,Bovidae,0.5021423470602238,51999303.0,15021016.4,3.461769937219428,1104.0,0.030227071369529176,0.9694974383802484,70.61281273143808,31414357.0,FAIL,1,Young,J58_K21
J58_L17.txt,1.0,,Dipnotetrapodomorpha,0.3865150117839943,14834286.0,12493984.1,1.1873143011283327,2465.0,0.018423747698115073,0.9526744399991132,70.7176918731094,21725936.0,FAIL,1,Young,J58_L17
J58_L7.txt,1.0,,Bovidae,0.5294461322738958,12418842.0,10426990.6,1.1910284066046823,3586.0,-0.0455400138302975,0.8971118612760781,71.31063778103696,18792121.0,FAIL,1,Young,J58_L7
SENS__180_M14.txt,1.0,,Dipnotetrapodomorpha,0.43423507462686567,7482999.0,6129513.0,1.2208146063153793,2730.0,-0.022252036361700794,1.0441175703268297,70.16458075466146,13289688.0,FAIL,1,Young,SENS__180_M14
SENS__180_M21.txt,1.0,,Dipnotetrapodomorpha,0.5480700071925197,10943022.0,5688361.9,1.9237562926507892,4972.0,-0.16188032305450717,0.9600865346408695,70.4372612791663,17621554.0,PASS,1,Young,SENS__180_M21
SENS__180_M7.txt,1.0,,Bovidae,0.3964356929212363,14462532.0,8898002.1,1.6253684633317855,1289.0,0.029694628749779472,0.8920539858708907,71.11268773707667,14160241.0,FAIL,1,Young,SENS__180_M7
SENS__J119_M13.txt,,,Pecora,0.5812743823146944,791925.0,554910.2000000001,1.4271228029327987,443.0,-0.5165510955177433,1.5813047024240159,67.0041648977043,1685676.0,FAIL,1,Young,SENS__J119_M13
SENS__J119_M20.txt,,,Bovidae,0.4088892203288713,51855156.0,24130091.7,2.1489829647021192,12449.0,-0.14406529244812588,1.2554834967142432,69.93916679926669,67213904.0,PASS,1,Young,SENS__J119_M20
SENS__J119_M6.txt,,,Bovidae,0.4497767857142857,986586.0,12512.5,78.84803196803196,814.0,-1.138020226136258,2.352946410338583,64.72779565528927,2914931.0,FAIL,1,Young,SENS__J119_M6
SENS__J23_M10.txt,1.0,,Dipnotetrapodomorpha,0.46898425787106446,15413883.0,9271255.5,1.6625453801807102,5388.0,0.037764325882182585,0.9042879727914607,71.3073015031645,22864195.0,FAIL,1,Young,SENS__J23_M10
SENS__J23_M17.txt,1.0,,Dipnotetrapodomorpha,0.47830822290796876,16268406.0,6846966.100000001,2.376002124502997,5992.0,-0.03911480138757067,0.8990634504963858,71.19033268655537,22144781.0,FAIL,1,Young,SENS__J23_M17
SENS__J23_M3.txt,1.0,,Bovidae,0.3512980611238909,14862324.0,5126270.5,2.8992469281517628,2810.0,-0.004424632364051281,1.0634717147359611,69.59565850497583,14271252.0,FAIL,1,Young,SENS__J23_M3
SENS__J24_M11.txt,1.0,,Dipnotetrapodomorpha,0.33688393399194216,14655702.0,31964731.5,0.4584960145840737,7536.0,0.1734635753037011,1.0498647939944468,70.30723140296917,41944893.0,FAIL,1,Young,SENS__J24_M11
SENS__J24_M18.txt,1.0,,Bovidae,0.4842721287490856,12994653.0,9676748.9,1.3428738447475888,3241.0,0.03665659961957153,0.9982121511427074,70.31199047617879,20179489.0,FAIL,1,Young,SENS__J24_M18
SENS__J24_M4.txt,1.0,,Dipnotetrapodomorpha,0.5505591616485493,12409509.0,8106451.600000001,1.5308188603753583,6869.0,0.01948373075488597,0.9607097106497525,71.05404485553527,32075763.0,FAIL,1,Young,SENS__J24_M4
SENS__J4_L15.txt,1.0,,Dipnotetrapodomorpha,0.4035187287173666,18834228.0,45938009.0,0.409992257174228,4563.0,-0.00836205249269432,0.7837006794400385,71.70144592092821,53520747.0,FAIL,1,Young,SENS__J4_L15
SENS__J4_L5.txt,,,Dipnotetrapodomorpha,0.5428868316644625,18275568.0,18493233.2,0.9882300083686827,3954.0,-0.05901027230360417,0.9429868003856232,71.19795313456176,30100954.0,FAIL,1,Young,SENS__J4_L5
SENS__J4_M1.txt,1.0,,Dipnotetrapodomorpha,0.4073309241094476,10045050.0,19424481.7,0.517133489332691,4036.0,0.01569820034810574,0.8331721614827939,71.68770557150653,26660177.0,FAIL,1,Young,SENS__J4_M1
SENS__J59_M12.txt,,,Dipnotetrapodomorpha,0.8113207547169812,231537.0,215528.30000000002,1.0742765567213215,331.0,-0.5163130965860651,1.7608841767609096,67.86343105566688,1032147.0,FAIL,1,Young,SENS__J59_M12
SENS__J59_M19.txt,1.0,,Bovidae,0.4456102147876868,12628977.0,13409969.3,0.9417603215542036,4056.0,0.09579293189914914,0.9298376978612991,70.63290013316569,24453536.0,FAIL,1,Young,SENS__J59_M19
SENS__J59_M5.txt,1.0,,Bovidae,0.3492728617204831,30305835.0,12895808.9,2.350053047079505,2388.0,0.053140846449593875,0.9767202576737025,70.95366027191982,24249759.0,FAIL,1,Young,SENS__J59_M5
SENS__J603_M15.txt,,,Dipnotetrapodomorpha,0.3455004791358132,37068456.0,36378806.1,1.0189574638074776,5143.0,-0.06377882621244081,0.9578080651207505,70.72418794321459,67958146.0,FAIL,1,Young,SENS__J603_M15
SENS__J603_M22.txt,,,Dipnotetrapodomorpha,0.5378876781223806,19212255.0,10966498.4,1.7519042359045072,5602.0,0.06933256758588353,0.9022713111338587,70.97341958978332,39109673.0,FAIL,1,Young,SENS__J603_M22
SENS__J603_M8.txt,,,Dipnotetrapodomorpha,0.45491062462341836,33521295.0,9522815.9,3.5201032291299468,1636.0,-0.03451247835397431,1.3517501206461726,67.10569085310759,25116759.0,FAIL,1,Young,SENS__J603_M8
SENS__J8_L16.txt,1.0,,Dipnotetrapodomorpha,0.528556098724216,18183138.0,7475991.9,2.432204079835881,3839.0,0.22586849362600112,1.1428141476023286,69.35797634683912,20361635.0,FAIL,1,Young,SENS__J8_L16
SENS__J8_L6.txt,1.0,,Dipnotetrapodomorpha,0.39891802893096556,17557164.0,11133726.5,1.5769350899718975,4265.0,0.051615727920701675,1.061708672565829,70.1787274196685,25908741.0,FAIL,1,Young,SENS__J8_L6
SENS__J8_M2.txt,1.0,,Dipnotetrapodomorpha,0.41266690725369903,17530347.0,3187098.2,5.500410059533151,2292.0,-0.13403924520586313,1.2637689594386197,67.85513385183559,13346593.0,FAIL,1,Young,SENS__J8_M2
V100_K11.txt,,,Bovidae,0.3182511438739197,26038653.0,9234612.4,2.8196801199799135,948.0,0.08482768648059369,1.1976589626888174,67.97556724773408,19281163.0,FAIL,1,Young,V100_K11
V100_K16.txt,,,Laurasiatheria,0.3231888852133642,11593227.0,3920675.2,2.9569465483904405,739.0,-0.0854872387899769,1.6876554704863929,62.31342144873712,9370971.0,FAIL,1,Young,V100_K16
V100_K6.txt,,,Dipnotetrapodomorpha,0.502724795640327,8505573.0,4528469.4,1.8782445565382422,3966.0,0.006800293950522367,1.144973196708456,68.6069962117864,23801423.0,PASS,1,Young,V100_K6
V101_K12.txt,1.0,,Dipnotetrapodomorpha,0.48973143759873616,10969752.0,8021579.8,1.3675301216850078,3257.0,-0.020951248639456722,1.0829275508516658,69.51003078326295,18499630.0,FAIL,1,Young,V101_K12
V101_K17.txt,1.0,,Euteleostomi,0.4460649422124381,16593552.0,3612638.9,4.59319418832588,1181.0,-0.011822719491081154,1.4589207334074406,65.15363694904262,13311366.0,FAIL,1,Young,V101_K17
V101_K7.txt,1.0,,Dipnotetrapodomorpha,0.43867859600825876,27423477.0,8559703.1,3.203788341677412,2427.0,0.059071558904587027,1.0494435711856323,69.1287056540486,23148350.0,FAIL,1,Young,V101_K7
V103_I12.txt,,,Dipnotetrapodomorpha,0.6022777047744197,17205309.0,2830685.0,6.078143276274117,2501.0,-0.32487957950693197,1.6630259048606957,66.6552918307263,14531336.0,FAIL,1,Young,V103_I12
V103_I19.txt,1.0,,Dipnotetrapodomorpha,0.35202492211838005,17360586.0,29392886.900000002,0.5906390229399344,3470.0,0.1900373673957669,0.9905282075733096,70.71111665026058,50437930.0,FAIL,1,Young,V103_I19
V103_I5.txt,0.8091668381636099,,Dipnotetrapodomorpha,0.48157669237360756,24880845.0,11990217.200000001,2.0750954369700656,5210.0,-0.24321918987055477,1.291505329674506,69.3815100155892,45720669.0,PASS,1,Young,V103_I5
V104_I13.txt,1.0,,Dipnotetrapodomorpha,0.9667761956918584,4927482.0,3169554.7,1.5546291092562623,1370.0,-0.11492768565476004,1.276791048515398,69.93161700195755,53429884.0,FAIL,1,Young,V104_I13
V104_I20.txt,,,Bovidae,0.5997807017543859,3354312.0,9244414.4,0.36284742925414504,1109.0,0.11956542785150588,1.440405862974251,65.61931644951082,11929756.0,FAIL,1,Young,V104_I20
V104_I6.txt,,,Dipnotetrapodomorpha,0.40811808118081183,8169051.0,10531093.3,0.7757077795521952,1343.0,0.0990718963310813,1.2678486710099555,67.39362707547804,13987566.0,FAIL,1,Young,V104_I6
V105_K13.txt,,,Dipnotetrapodomorpha,0.6515873015873016,5084868.0,3037446.1,1.6740603232432667,1294.0,-0.03715293854944945,1.7701317798520526,61.11907594066887,6947129.0,FAIL,1,Young,V105_K13
V105_K18.txt,,,Dipnotetrapodomorpha,0.5149489975378122,16156911.0,18028271.3,0.896198572294616,3869.0,-0.10946773236931875,0.853650206078357,70.78698158593677,29595475.0,FAIL,1,Young,V105_K18
V105_K8.txt,1.0,,Dipnotetrapodomorpha,0.8330670926517572,3050301.0,764613.2000000001,3.9893386616919506,3162.0,-0.4776360651703411,1.2668718307777656,68.69290786177648,20425145.0,FAIL,1,Young,V105_K8
V106_A19.txt,1.0,,Dipnotetrapodomorpha,0.31943801142504247,27135312.0,16794619.400000002,1.6157146139316498,4477.0,0.05770985669146639,0.8480143235515638,71.55261848233252,35429972.0,FAIL,1,Young,V106_A19
V106_A9.txt,,,Bovidae,0.39106074111804406,20457861.0,14360577.4,1.4245848499100042,1364.0,0.01481367403949778,1.1073514830546374,69.23252376028462,20920229.0,FAIL,1,Young,V106_A9
V106_C6.txt,1.0,,Dipnotetrapodomorpha,0.46223342788107996,16349841.0,7315909.9,2.2348335645850423,4968.0,-0.06593651333007902,0.995912622077495,70.02193491509323,23701923.0,FAIL,1,Young,V106_C6
V107_A10.txt,,,Dipnotetrapodomorpha,0.426264800861141,41582979.0,6223354.8,6.681762543893528,2202.0,-0.04822388525293461,1.2963430732882477,67.16499468512495,27546494.0,FAIL,1,Young,V107_A10
V107_A20.txt,1.0,,Dipnotetrapodomorpha,0.48987184787102106,25224030.0,5473205.4,4.608639390730704,2115.0,-0.01662599566634118,1.2449702713335644,67.74831966662659,18210511.0,FAIL,1,Young,V107_A20
V107_C7.txt,,,Dipnotetrapodomorpha,0.3759012756516916,12346740.0,9079860.4,1.359794033837789,3250.0,0.049985276738814526,1.2544635139046554,68.64914009804122,20159941.0,FAIL,1,Young,V107_C7
V108_C18.txt,1.0,,Dipnotetrapodomorpha,0.3908769170271333,18873327.0,20235611.5,0.9326788567768264,1529.0,-0.2297742686169447,1.0179206445200297,69.45625342087715,27307621.0,FAIL,1,Young,V108_C18
V108_C8.txt,,,Bovidae,0.30245901639344264,5491758.0,7864996.100000001,0.6982531116576142,2820.0,-0.0025793287723438626,1.2874773036401692,67.38947294993196,15718176.0,FAIL,1,Young,V108_C8
V108_E5.txt,1.0,,Euteleostomi,0.40552718534094323,14971182.0,3593623.8000000003,4.1660404185880555,795.0,-0.07226778735078977,1.471350407973766,64.9738379511689,10608133.0,FAIL,1,Young,V108_E5
V10_E15.txt,,,Dipnotetrapodomorpha,0.4755197399607232,25296909.0,30483874.2,0.8298456040735137,6287.0,0.081544084332464,0.8246284231854863,71.58432774276878,49663001.0,FAIL,1,Young,V10_E15
V10_G1.txt,,,Bovidae,0.36424809830310123,18040401.0,12483220.1,1.4451720674219306,3010.0,0.024694223349214735,1.1476176518856316,68.73388240442729,26115625.0,FAIL,1,Young,V10_G1
V10_G11.txt,1.0,1.0,Bovidae,0.3267131024096386,29450637.0,21472354.8,1.371560654353569,3934.0,-0.026027549804015688,1.0060954610515889,70.62318611179303,37245784.0,FAIL,1,Young,V10_G11
V110_C19.txt,,,Bovidae,0.4479126024190402,7565709.0,1700775.7,4.44838728587197,988.0,-0.767197328981374,1.6072543482853898,66.90875419615749,5983685.0,FAIL,1,Young,V110_C19
V110_C9.txt,0.7863321090657049,,Dipnotetrapodomorpha,0.3250054312404953,25589166.0,20470547.5,1.2500479530408262,3636.0,-0.2912849195662989,1.3847845781610109,68.74095728789464,73406957.0,FAIL,1,Young,V110_C9
V110_E6.txt,1.0,,Bovidae,0.45642201834862384,2069703.0,2268974.5,0.9121755224662067,918.0,-0.38204583029705363,1.1322451453248075,67.69641153030432,4199567.0,FAIL,1,Young,V110_E6
V113_C10.txt,,,Bovidae,0.35268017747931407,22315827.0,11267926.8,1.9804731958322626,2933.0,-0.3893833182244441,1.3583954648402414,67.34988365826933,25611766.0,PASS,1,Young,V113_C10
V113_C20.txt,1.0,,Dipnotetrapodomorpha,0.609811751283514,50454198.0,10064840.5,5.012915803285705,5878.0,0.05658550803915643,1.1045968903520498,69.77626438614202,36072017.0,FAIL,1,Young,V113_C20
V113_E7.txt,1.0,,Dipnotetrapodomorpha,0.4414549078226208,8352051.0,1086406.1,7.687779919497874,1339.0,-1.1241865565796376,2.6982962018125147,59.816337344776905,9647170.0,FAIL,1,Young,V113_E7
V114_C11.txt,,,Dipnotetrapodomorpha,0.3711888530976103,31350837.0,20106724.3,1.5592215087964378,4801.0,-0.25097902084563367,0.8083826714740157,71.19323003406187,48565690.0,FAIL,1,Young,V114_C11
V114_C21.txt,1.0,,Dipnotetrapodomorpha,0.4501411100658514,3466788.0,3370672.5,1.0285152295276387,824.0,-0.11625873603986477,1.6881135039487256,63.20564568992152,6451057.0,FAIL,1,Young,V114_C21
V114_E8.txt,0.5920860276359766,,Dipnotetrapodomorpha,0.3436311346136005,11658984.0,26815337.900000002,0.43478788309432415,2414.0,-0.0702782654128641,0.9281246626252013,70.74976928022713,37012051.0,FAIL,1,Young,V114_E8
V115_I14.txt,1.0,,Dipnotetrapodomorpha,0.4862691109339903,13989276.0,18324229.3,0.7634305252881768,5723.0,-0.036053154632078074,1.1441999132000853,70.11876045708344,30927408.0,FAIL,1,Young,V115_I14
V115_I21.txt,1.0,,Dipnotetrapodomorpha,0.5108673777420004,25713084.0,4695973.100000001,5.475560326357065,3102.0,0.03848404783125128,0.9552063356284846,71.20852836844028,18067757.0,FAIL,1,Young,V115_I21
V115_I7.txt,1.0,,Bovidae,0.4084349340631998,26688891.0,10704175.3,2.4933159493380117,2190.0,0.22771548221539098,1.1884608579845515,69.98868178143145,26493849.0,FAIL,1,Young,V115_I7
V11_I24.txt,1.0,,Dipnotetrapodomorpha,0.3810730882974229,16408074.0,6499041.9,2.5246912164083755,602.0,-0.1752404860550137,1.7619012832510383,60.74242117931867,13595562.0,FAIL,1,Young,V11_I24
V11_J10.txt,1.0,1.0,Bovidae,0.4194668319900806,21807339.0,16833024.0,1.2955092917351037,3127.0,-0.006485478014924046,0.986834366492537,70.19916163419941,26918518.0,FAIL,1,Young,V11_J10
V11_J20.txt,1.0,,Bovidae,0.3559545379673859,6563550.0,9570119.0,0.6858378668018653,2558.0,0.07725751436622476,1.2452138503082069,68.13293032721795,17637233.0,FAIL,1,Young,V11_J20
V12_J1.txt,,,Dipnotetrapodomorpha,0.3817449379836743,28233765.0,17819786.400000002,1.5844053551618327,3651.0,0.09348946300235669,1.090437750755059,69.98484799878177,35846207.0,FAIL,1,Young,V12_J1
V12_J11.txt,,,Dipnotetrapodomorpha,0.4543891817556727,13680444.0,18034181.1,0.7585841532887789,3015.0,-0.2513097386053771,1.3549816485516522,68.7790891884456,31814117.0,FAIL,1,Young,V12_J11
V12_J21.txt,,,Dipnotetrapodomorpha,0.5197956577266922,5650116.0,12793362.4,0.44164433268927017,4747.0,0.06519561110586196,0.9881549931115057,70.16924943196365,25114684.0,FAIL,1,Young,V12_J21
V14_E16.txt,1.0,1.0,Dipnotetrapodomorpha,0.5315891005546178,21690774.0,8616862.8,2.517247228306803,3294.0,0.013849293339108665,0.8988871884712387,71.0723400321106,22344313.0,FAIL,1,Young,V14_E16
V14_G12.txt,1.0,0.9507696922791248,Dipnotetrapodomorpha,0.49969957941117565,21911646.0,32315869.3,0.6780460026182864,2865.0,0.026183730829109235,0.8623478877110929,71.30735774776237,41766769.0,FAIL,1,Young,V14_G12
V14_G2.txt,1.0,,Dipnotetrapodomorpha,0.39758397795909717,15067806.0,8644766.0,1.7429975548210328,5045.0,-0.012423583729024487,0.8900047581385456,71.16559837634036,21094438.0,FAIL,1,Young,V14_G2
V16_J12.txt,,,Dipnotetrapodomorpha,0.3309534776600645,7915671.0,9630853.700000001,0.8219075116881901,2190.0,0.022576154435926445,1.424320397207495,65.87802783276301,16860000.0,FAIL,1,Young,V16_J12
V16_J2.txt,,,Dipnotetrapodomorpha,0.4675324675324675,8701182.0,65211646.5,0.13342987743761384,3034.0,-0.02073661572258755,1.0960606336005398,69.58766358091296,82298118.0,FAIL,1,Young,V16_J2
V16_J22.txt,1.0,,Dipnotetrapodomorpha,0.42639695573803327,6634413.0,10692817.200000001,0.6204551032631512,1794.0,0.010912210415319451,1.35703162853805,66.51253303223523,15587909.0,FAIL,1,Young,V16_J22
V17_E17.txt,1.0,,Dipnotetrapodomorpha,0.7075587084148728,5075136.0,6120791.3,0.8291633795780621,5565.0,-0.056788045462717186,0.8895521280275588,71.02313761272981,18204055.0,FAIL,1,Young,V17_E17
V17_G13.txt,1.0,,Dipnotetrapodomorpha,0.38755420133598967,20792493.0,8133355.100000001,2.556447215737574,4350.0,-0.04715272281732503,0.8879450650119517,70.96885962612718,23689413.0,FAIL,1,Young,V17_G13
V17_G3.txt,1.0,,Dipnotetrapodomorpha,0.37809303860112176,8913174.0,8265292.100000001,1.0783858443429966,2971.0,0.2731375834154258,1.2689802096006157,68.48371937560243,15940119.0,FAIL,1,Young,V17_G3
V18_E18.txt,,,Pecora,0.3819613457408733,7475985.0,9208344.6,0.8118706808604882,3723.0,0.03593167558719181,1.1122778240616786,68.84747270886805,15152507.0,FAIL,1,Young,V18_E18
V18_G14.txt,1.0,,Bovidae,0.37567648827420325,14792493.0,11701081.6,1.2641987728724156,2176.0,0.01899363387325632,1.0727188894674653,69.6988045442527,19259298.0,FAIL,1,Young,V18_G14
V18_G4.txt,,,Dipnotetrapodomorpha,0.6133482475764355,27048765.0,5491032.3,4.925989053096628,398.0,-0.7342893879852386,1.210451922823653,68.7269494348551,14917900.0,FAIL,1,Young,V18_G4
V19_J13.txt,1.0,1.0,Dipnotetrapodomorpha,0.4682311821245787,11886366.0,5383592.5,2.2078873911797743,3897.0,-0.06943137169698375,1.04558709613449,70.24353156437657,20954461.0,FAIL,1,Young,V19_J13
V19_J23.txt,1.0,1.0,Dipnotetrapodomorpha,0.4097654380086166,6659100.0,13117556.4,0.5076479030804854,4504.0,0.46187830423298826,1.0694425624198975,69.42623090547065,24957336.0,FAIL,1,Young,V19_J23
V19_J3.txt,1.0,1.0,Dipnotetrapodomorpha,0.4722547870261821,9377361.0,4136516.8000000003,2.26697036501822,2861.0,-0.15709651761740467,1.1188533071541407,69.23616977239996,11463336.0,FAIL,1,Young,V19_J3
V21_E19.txt,1.0,,Dipnotetrapodomorpha,0.6601196869725334,19586475.0,6476316.600000001,3.0243232704219554,2861.0,0.10304853491429707,1.180659466257665,68.34295330835451,18791224.0,FAIL,1,Young,V21_E19
V21_G15.txt,,,Dipnotetrapodomorpha,0.5279240465932663,23982156.0,17983223.7,1.333584923375001,6044.0,-0.004325965564074047,0.8420755796248888,71.37324383936846,49197640.0,FAIL,1,Young,V21_G15
V21_G5.txt,,,Dipnotetrapodomorpha,0.42413747169308647,19964583.0,10702149.9,1.8654740576937723,3460.0,-0.013269636188523361,1.0656506496472706,69.69733050880976,24612336.0,PASS,1,Young,V21_G5
V22_J14.txt,1.0,,Dipnotetrapodomorpha,0.6616197183098591,15300762.0,6370520.0,2.4018073877799613,3722.0,0.05564202277325809,1.1831407630025363,68.17410689741965,25852824.0,FAIL,1,Young,V22_J14
V22_J24.txt,1.0,,Dipnotetrapodomorpha,0.365468321779784,12424779.0,4827239.3,2.5738891792665015,2217.0,-0.08394902988365054,1.1203168632458158,68.73964788237667,11833877.0,FAIL,1,Young,V22_J24
V22_J4.txt,1.0,,Dipnotetrapodomorpha,0.4751366831554283,22041531.0,38485930.6,0.5727165916575238,3455.0,0.041347963532998376,1.0228007436190192,70.2280410353693,59895356.0,FAIL,1,Young,V22_J4
V25_E20.txt,1.0,,Dipnotetrapodomorpha,0.5538799012887304,26411064.0,4196925.2,6.292955614267321,1070.0,-0.14434430871985673,1.5125611170376794,64.9842973144732,14970378.0,FAIL,1,Young,V25_E20
V25_G16.txt,1.0,,Dipnotetrapodomorpha,0.32883203032456765,13386624.0,33551256.700000003,0.39899024110175874,1756.0,0.05312125953664341,1.354328916380858,66.71760971247757,35608044.0,FAIL,1,Young,V25_G16
V25_G6.txt,1.0,,Dipnotetrapodomorpha,0.29849229205488736,16044588.0,13632196.5,1.1769627880584028,908.0,-0.08940369411559011,1.2029758883250186,68.69424933343481,18840419.0,FAIL,1,Young,V25_G6
V26_J15.txt,1.0,,Dipnotetrapodomorpha,0.40836791147994467,16144053.0,6139302.0,2.6296235304925544,1748.0,0.01188604075886181,1.1627505018599347,68.60051391195475,13569137.0,FAIL,1,Young,V26_J15
V26_J5.txt,1.0,,Dipnotetrapodomorpha,0.40289825492397185,28316508.0,13623606.1,2.0784884554171015,2186.0,0.1774113266586208,0.9936405547371062,69.81453297418366,25310538.0,PASS,1,Young,V26_J5
V26_K1.txt,1.0,,Bovidae,0.3586120270058094,21549558.0,3905263.7,5.518080123501007,1934.0,-0.15494479530254734,1.1361639338220144,68.2438913229266,14933710.0,FAIL,1,Young,V26_K1
V28_J16.txt,1.0,,Pecora,0.3627709135102289,6929322.0,11102759.200000001,0.6241081045871912,6249.0,0.18265174975896298,1.043456038876165,70.99185521002822,28992969.0,FAIL,1,Young,V28_J16
V28_J6.txt,1.0,,Euteleostomi,0.3976278436710091,16714842.0,6919312.4,2.4156796273571923,1858.0,0.04972725931465598,1.2313298132717416,67.83931432007782,15022216.0,FAIL,1,Young,V28_J6
V28_K2.txt,1.0,,Dipnotetrapodomorpha,0.663878842676311,14001297.0,3159306.8000000003,4.431762372682513,1756.0,0.2039919534288604,1.4516211414280107,66.201647273652,10309618.0,FAIL,1,Young,V28_K2
V2_C13.txt,1.0,,Dipnotetrapodomorpha,0.41845627139744784,13371339.0,10581626.9,1.2636373523999413,2547.0,-0.06400299042539105,1.1849777398580548,69.16525432420508,17920138.0,FAIL,1,Young,V2_C13
V2_C24.txt,1.0,,Dipnotetrapodomorpha,0.38368648894964685,21791493.0,18033597.400000002,1.208383026228588,3362.0,0.027491823005676767,0.9768387409250937,70.6341399906736,30713929.0,FAIL,1,Young,V2_C24
V2_E10.txt,1.0,,Dipnotetrapodomorpha,0.5055533777603555,25477443.0,7138385.8,3.5690762188841068,3743.0,-0.10800119729706828,1.034992412666087,70.20334204432754,25201351.0,FAIL,1,Young,V2_E10
V30_J17.txt,1.0,,Dipnotetrapodomorpha,0.3722913322632424,24741132.0,11996676.9,2.062332111319927,2802.0,0.1366074790845765,0.9128691451850195,70.48232333108415,25484481.0,PASS,1,Young,V30_J17
V30_J7.txt,1.0,,Bovidae,0.412862899909532,22533120.0,47951827.300000004,0.4699116023050908,5227.0,0.01240101499600128,0.8522790509296684,71.37926444532734,65679502.0,FAIL,1,Young,V30_J7
V30_K3.txt,1.0,,Dipnotetrapodomorpha,0.3996161930000914,14693772.0,11553396.4,1.2718140615343208,6189.0,0.017598188294270147,0.9269128603333125,71.45554246006999,47668746.0,FAIL,1,Young,V30_K3
V36_E21.txt,1.0,,Dipnotetrapodomorpha,0.4469459868753155,20439276.0,10927400.9,1.8704608888285594,3045.0,-0.11184777885113861,0.8743721415816167,70.75120262874,22446685.0,PASS,1,Young,V36_E21
V36_G17.txt,1.0,,Dipnotetrapodomorpha,0.5148291828306846,3425616.0,4833747.100000001,0.7086874693961543,6240.0,0.3326148992579272,1.1957630585098895,68.34492679629358,13041479.0,FAIL,1,Young,V36_G17
V36_G7.txt,1.0,,Dipnotetrapodomorpha,0.5469214437367304,9013011.0,7292886.9,1.2358632628733073,922.0,-0.10849240190245263,1.1716930956918232,68.7074881512899,10658949.0,FAIL,1,Young,V36_G7
V3_C14.txt,,,Euteleostomi,0.3571151609150834,32866065.0,10584939.3,3.1049837952306443,2752.0,-0.023889243783813352,0.8932316936065947,71.07549183005996,29755345.0,FAIL,1,Young,V3_C14
V3_E1.txt,,,Dipnotetrapodomorpha,0.3487887470695494,8520360.0,9689514.9,0.8793381390021909,855.0,-0.07615148277042716,1.3952555189268634,65.74791972869043,12730465.0,FAIL,1,Young,V3_E1
V3_E11.txt,,,Pecora,0.342039018250472,9281070.0,8789159.6,1.0559678538548782,1629.0,-0.10890987571211364,1.6007247885771168,62.95765350921868,14007179.0,FAIL,1,Young,V3_E11
V45_E22.txt,1.0,,Dipnotetrapodomorpha,0.42917847025495753,9824706.0,11482403.4,0.8556314961029848,2493.0,-0.024225355089430516,1.083971937331569,69.51420068374989,18867676.0,FAIL,1,Young,V45_E22
V45_G18.txt,,,Euteleostomi,0.36517479403250946,17168268.0,13526373.9,1.2692439324037907,3132.0,0.01928636873651227,0.9325830793890809,70.91492962391249,24987213.0,FAIL,1,Young,V45_G18
V45_G8.txt,1.0,,Bovidae,0.384535904942311,5157552.0,12048761.4,0.42805661335446477,3276.0,0.019905250568180627,1.146320943220302,69.2007373436275,16913719.0,FAIL,1,Young,V45_G8
V52_E23.txt,1.0,,Dipnotetrapodomorpha,0.599758709093651,8246955.0,12247492.4,0.6733586542172502,3165.0,0.034980461426056306,1.030033448567951,70.3075879569441,23339058.0,FAIL,1,Young,V52_E23
V52_G19.txt,1.0,,Dipnotetrapodomorpha,0.41033768133609655,9520122.0,16209939.200000001,0.5873015242401403,3107.0,-0.015290265589676492,0.8660017765666665,71.17617643553727,24561986.0,FAIL,1,Young,V52_G19
V52_G9.txt,1.0,,Bovidae,0.4157816910875118,15236955.0,10476358.1,1.4544133423617889,3054.0,0.10284002379604527,0.9884328580688725,70.06528290056085,21644320.0,FAIL,1,Young,V52_G9
V56_E24.txt,1.0,,Dipnotetrapodomorpha,0.35569913850231943,32097189.0,7624139.9,4.209942291326527,1759.0,-0.08087618731757719,1.1886590530042858,68.34786228789652,21338461.0,FAIL,1,Young,V56_E24
V56_G10.txt,1.0,,Dipnotetrapodomorpha,0.5030500203334689,14460405.0,8935474.6,1.6183141519981492,2251.0,0.00693867330098688,1.3761299978006691,65.90095343625329,17739969.0,FAIL,1,Young,V56_G10
V56_G20.txt,1.0,,Dipnotetrapodomorpha,0.40534364563192127,26409258.0,13066751.1,2.0211036238380635,3412.0,-0.1562921590069216,0.8567328230752047,70.77953903880983,27049431.0,PASS,1,Young,V56_G20
V59_G21.txt,1.0,,Dipnotetrapodomorpha,0.4383173152670553,6224814.0,7576101.0,0.8216382014970497,2611.0,-0.10566857768991617,1.1971088123016096,68.59808854339066,17527667.0,FAIL,1,Young,V59_G21
V59_H17.txt,,,Bovidae,0.5232722143864598,12650850.0,7879478.100000001,1.6055441539966966,1142.0,0.03713944764296417,1.095895907651503,69.50816225856944,20467017.0,FAIL,1,Young,V59_H17
V59_H7.txt,1.0,,Dipnotetrapodomorpha,0.5230038948393378,9799305.0,11834196.4,0.8280498876966416,3348.0,-0.026931470363825788,1.024126645931896,69.76309728661106,20106203.0,FAIL,1,Young,V59_H7
V61_C12.txt,,,Euteleostomi,0.30670310239511334,13375368.0,7429704.100000001,1.8002558136871156,1875.0,-0.02048021625192519,1.2026955848842162,68.27086633737846,15372462.0,PASS,1,Young,V61_C12
V61_C22.txt,,,Dipnotetrapodomorpha,0.49415041782729807,6557859.0,5507056.100000001,1.1908102770189684,1245.0,-0.04058281788212891,1.55461307368662,63.95619393292843,10069355.0,FAIL,1,Young,V61_C22
V61_E9.txt,,,Euteleostomi,0.3352488219744857,18618513.0,27201787.6,0.6844591713524003,2264.0,-0.1012232817637441,1.0341150397066496,69.78039362401125,34930726.0,FAIL,1,Young,V61_E9
V65_A1.txt,,,Dipnotetrapodomorpha,0.4438733211739347,25253898.0,21801054.6,1.1583796501294024,1418.0,-0.03298157680976558,1.2818455933022566,67.66671167477398,30381499.0,FAIL,1,Young,V65_A1
V65_A11.txt,,,Dipnotetrapodomorpha,0.4551643192488263,12449340.0,17465180.2,0.7128091355163917,643.0,0.01858290524434328,1.495293037805583,65.79382603571351,21158123.0,FAIL,1,Young,V65_A11
V65_A21.txt,,,Bovidae,0.5174612375018113,13911909.0,12385636.9,1.1232291978460953,3788.0,-0.03711056576649361,1.119026852509947,69.15749334199036,23565251.0,FAIL,1,Young,V65_A21
V66_G22.txt,,,Dipnotetrapodomorpha,0.4206405693950178,45932796.0,12018243.9,3.8219224357728336,4973.0,0.23433060486555082,1.1242686201405467,70.11998587853923,35095718.0,FAIL,1,Young,V66_G22
V66_H18.txt,1.0,,Bovidae,0.35149863760217986,64056693.0,13430600.3,4.769458666713505,2760.0,0.4474233200786416,1.36849293675319,68.63045777418235,37278046.0,FAIL,1,Young,V66_H18
V66_H8.txt,,,Dipnotetrapodomorpha,0.9188034188034188,26436.0,130689.0,0.2022817528636687,1109.0,-0.06811591281370363,1.3817149846058971,66.81563332857314,3231880.0,FAIL,1,Young,V66_H8
V67_G23.txt,1.0,,Dipnotetrapodomorpha,0.5156427758816837,3682080.0,5516669.600000001,0.6674461707839091,1847.0,-0.10647973614436619,1.3996008671185163,66.44586138633028,9064575.0,FAIL,1,Young,V67_G23
V67_H19.txt,1.0,,Dipnotetrapodomorpha,0.3937215432542535,9114576.0,5134173.2,1.7752762995997096,2533.0,-0.012867751138904725,1.3114484323852842,67.74108475593442,13610463.0,FAIL,1,Young,V67_H19
V67_H9.txt,1.0,,Dipnotetrapodomorpha,0.5203507982909826,6805443.0,6673308.2,1.0198004941537093,2016.0,0.03581609847964442,1.277034739424697,67.66657637010167,11857799.0,FAIL,1,Young,V67_H9
V6_C15.txt,,,Dipnotetrapodomorpha,0.4916753987658633,14879346.0,15799200.3,0.9417784265954271,2585.0,-0.039819241158547854,0.9993581601044941,70.18170214293387,22847239.0,FAIL,1,Young,V6_C15
V6_E12.txt,,,Dipnotetrapodomorpha,0.5559798380937834,15471453.0,13660592.4,1.1325609129513299,2128.0,-0.030479372212737874,1.1170881224247136,69.08018450949548,21869291.0,FAIL,1,Young,V6_E12
V6_E2.txt,,,Bovidae,0.370446735395189,10988571.0,10738349.700000001,1.023301653139495,1776.0,-0.03144985709781677,1.4139527964581156,65.63695220049705,18074526.0,FAIL,1,Young,V6_E2
V70_G24.txt,,,Euteleostomi,0.308018110121221,16319805.0,17779152.3,0.917918060694041,2062.0,-0.07779990132058867,1.1179292023464786,69.36157647355253,27716099.0,FAIL,1,Young,V70_G24
V70_H10.txt,,,Laurasiatheria,0.31874145006839943,15167778.0,17435208.7,0.8699510433735158,658.0,-0.008175876614682585,1.3471717849074243,66.47526601117625,21311144.0,FAIL,1,Young,V70_H10
V70_H20.txt,,,Dipnotetrapodomorpha,0.45217172985187043,6676263.0,12359578.4,0.5401691533426415,633.0,-0.10426006875625056,1.4588128933016662,65.2850130331316,15372192.0,FAIL,1,Young,V70_H20
V73_H1.txt,1.0,,Bovidae,0.4769801440104735,17746404.0,12136575.1,1.4622250390886635,3461.0,-0.008387217624147696,0.9373296501579447,70.30891843401282,35404547.0,FAIL,1,Young,V73_H1
V73_H11.txt,1.0,,Dipnotetrapodomorpha,0.3080864891888514,19253172.0,12632557.6,1.5240913684810746,2614.0,0.04605615675289128,1.0003014037640854,70.25614374349108,24248987.0,FAIL,1,Young,V73_H11
V73_H21.txt,1.0,,Dipnotetrapodomorpha,0.40057064880287807,16060044.0,7557449.9,2.125061259089524,4402.0,0.040960594953044265,0.9811249359296426,70.07342737195737,25829937.0,PASS,1,Young,V73_H21
V75_H12.txt,,,Bovidae,0.4430628272251309,60306633.0,17077604.7,3.531328547498233,1694.0,-0.27554794021639656,1.3524132279117236,68.21983858427453,40345055.0,FAIL,1,Young,V75_H12
V75_H2.txt,1.0,,Dipnotetrapodomorpha,0.5613170858179932,20208678.0,8870927.0,2.278079618962032,6334.0,-0.014113401431885508,0.8807635948067334,71.2057421147718,42782212.0,FAIL,1,Young,V75_H2
V75_H22.txt,1.0,,Dipnotetrapodomorpha,0.39195979899497485,29993979.0,11169663.700000001,2.6853072577288066,4895.0,0.11153587355460863,1.0339568694598789,70.8280146107539,30127168.0,FAIL,1,Young,V75_H22
V76_A12.txt,1.0,1.0,Bovidae,0.30480397570403095,12023814.0,12757427.8,0.9424951634842879,1217.0,-0.12881909026771324,1.3757618049451363,66.16434400027514,19188183.0,FAIL,1,Young,V76_A12
V76_A2.txt,1.0,1.0,Dipnotetrapodomorpha,0.5288339670468948,19804434.0,10333663.6,1.9164968753192237,2812.0,-0.11332675415192114,1.0350182821809708,69.83943909453427,23932535.0,PASS,1,Young,V76_A2
V76_A22.txt,1.0,1.0,Pecora,0.37735849056603776,21746781.0,10381148.700000001,2.094833782700752,3946.0,0.007724971314895985,0.9194762619852532,70.5926931494656,26278606.0,PASS,1,Young,V76_A22
V77_A13.txt,1.0,0.9507696922791248,Dipnotetrapodomorpha,0.5092852137351086,13532343.0,16965397.8,0.7976437192648674,2141.0,-0.10388108609912448,1.1770267949185482,68.4693677885897,65911440.0,FAIL,1,Young,V77_A13
V77_A23.txt,1.0,,Dipnotetrapodomorpha,0.3218184537161657,16167027.0,11703094.0,1.3814318675044395,2058.0,-0.07086637913716673,1.1075334804976043,68.8422593235559,21815091.0,FAIL,1,Young,V77_A23
V77_A3.txt,1.0,1.0,Dipnotetrapodomorpha,0.5728975394785163,32738616.0,13965978.0,2.344169237557155,2472.0,-0.08618203361841832,1.1895734103221793,67.75241858537309,33659622.0,FAIL,1,Young,V77_A3
V79_A14.txt,,,Dipnotetrapodomorpha,0.42561692126909517,44448204.0,18254185.3,2.4349596144397636,3026.0,-0.08780462771119284,1.050165778654483,69.78542458454828,39939939.0,FAIL,1,Young,V79_A14
V79_A24.txt,,,Dipnotetrapodomorpha,0.42832084197097753,20444151.0,17486160.900000002,1.1691617798164031,2067.0,0.03406816520303701,1.3022093801680097,67.5352632558929,33326223.0,FAIL,1,Young,V79_A24
V79_A4.txt,1.0,1.0,Euteleostomi,0.3533295604602905,61425495.0,10082376.200000001,6.092362929286451,1796.0,-0.032974379646956105,1.2696512525785653,67.23162765210584,37298867.0,FAIL,1,Young,V79_A4
V7_C16.txt,1.0,,Dipnotetrapodomorpha,0.4433862433862434,12875391.0,22441231.8,0.5737381581700876,4084.0,0.08730479096327687,1.1059776819053873,69.31379263751414,32693241.0,FAIL,1,Young,V7_C16
V7_E13.txt,,1.0,Euteleostomi,0.31782351653164004,31315332.0,27657394.7,1.1322589253137427,2270.0,0.0924242022060358,1.054617694462472,69.54129175923352,39647044.0,FAIL,1,Young,V7_E13
V7_E3.txt,,,Bovidae,0.4070998546813369,22708761.0,19021412.8,1.1938524881811092,3521.0,0.11316298300707267,1.059908671867983,69.80306638918748,31420080.0,FAIL,1,Young,V7_E3
V80_H13.txt,1.0,1.0,Dipnotetrapodomorpha,0.594118088378723,37637907.0,28683426.2,1.3121830961741943,4930.0,-0.01706323867700839,0.8454083228602197,71.08060804132046,47721266.0,FAIL,1,Young,V80_H13
V80_H23.txt,1.0,1.0,Dipnotetrapodomorpha,0.4065848431716345,50664075.0,21243001.0,2.3849772920502144,3850.0,-0.07494143775258137,0.7383751407293926,72.2463834056305,61276945.0,FAIL,1,Young,V80_H23
V80_H3.txt,1.0,1.0,Dipnotetrapodomorpha,0.5366829702089818,13035480.0,14929989.1,0.8731071344184705,2500.0,-0.11229555362940298,1.23948416538125,67.56936242503936,25192326.0,FAIL,1,Young,V80_H3
V81_H14.txt,1.0,1.0,Dipnotetrapodomorpha,0.4997347949080622,10742514.0,20026368.7,0.5364184671183049,3582.0,-0.05051134309733116,0.860937233648199,71.4532103188081,29283810.0,FAIL,1,Young,V81_H14
V81_H24.txt,1.0,1.0,Euteleostomi,0.33948826167238194,12809502.0,6392518.600000001,2.003827098758852,619.0,0.04691023640309267,1.3032750565804136,66.60035755338222,11343188.0,PASS,1,Young,V81_H24
V81_H4.txt,1.0,1.0,Dipnotetrapodomorpha,0.46605175506021007,16223211.0,5737273.100000001,2.8276867280380986,1299.0,0.19957841334572768,1.4087006343498905,66.18681879319654,14058928.0,FAIL,1,Young,V81_H4
V82_J18.txt,1.0,,Dipnotetrapodomorpha,0.5027010804321729,76260402.0,4998706.7,15.256026523820651,2956.0,0.06540148347489788,1.0477708957080418,69.9504099344358,34714642.0,FAIL,1,Young,V82_J18
V82_J8.txt,1.0,1.0,Dipnotetrapodomorpha,0.4025542104562991,16421388.0,34612749.6,0.4744317683446911,4141.0,-0.03580924605335707,0.967614845087421,70.56523037547436,46175425.0,FAIL,1,Young,V82_J8
V82_K4.txt,1.0,0.950769692279125,Bovidae,0.3868935942106674,32435286.0,23956125.7,1.3539453919295472,2096.0,-0.0009422757838304495,0.9735466398618499,70.5582738061433,43629179.0,FAIL,1,Young,V82_K4
V83_A15.txt,0.6666666666666666,1.0,Dipnotetrapodomorpha,0.43186419560816075,10901730.0,26633479.6,0.4093242852128116,2921.0,-0.005425486851650413,1.0338657104128444,69.59675362083713,35335736.0,FAIL,1,Young,V83_A15
V83_A5.txt,1.0,1.0,Dipnotetrapodomorpha,0.41362557903061803,31301019.0,18494145.8,1.6924825476394805,3177.0,0.037214361527660306,0.9057643830665656,71.01265390331545,34358106.0,FAIL,1,Young,V83_A5
V83_C1.txt,1.0,0.5,Bovidae,0.34747215081405314,11880834.0,18441803.900000002,0.6442338322445776,2154.0,0.009804847747063201,1.047460274370692,69.84428274589301,25688028.0,FAIL,1,Young,V83_C1
V84_A16.txt,1.0,,Dipnotetrapodomorpha,0.4846406022340942,111737901.0,89547461.9,1.2478064551375072,5899.0,0.17284658923812748,1.3332294241128395,68.73919156598518,131547951.0,FAIL,1,Young,V84_A16
V84_A6.txt,1.0,,Euteleostomi,0.3455056179775281,1172382.0,610870.0,1.9192004845548152,442.0,-0.322865198500258,1.4370766921618248,67.94301161713713,5054983.0,PASS,1,Young,V84_A6
V84_C3.txt,1.0,,Bovidae,0.3579920739762219,5646348.0,315831.10000000003,17.877745415191853,305.0,0.5294866113028267,2.0163471955934247,64.7259874813558,4844699.0,FAIL,1,Young,V84_C3
V87_J19.txt,1.0,,Pecora,0.33855559801299195,4499397.0,5202220.4,0.8648993418271935,1621.0,0.41857678287527866,1.8484870411855512,61.42290441561451,10269270.0,FAIL,1,Young,V87_J19
V87_J9.txt,1.0,,Dipnotetrapodomorpha,0.270626525630594,25605621.0,11545313.0,2.217836883244309,1604.0,0.641987550215131,1.3581548297977315,66.72550362155012,21548217.0,FAIL,1,Young,V87_J9
V87_K5.txt,1.0,,Dipnotetrapodomorpha,0.3691917219836002,17855457.0,9489339.6,1.8816332592839233,1313.0,0.07491525282123193,1.119190924438203,69.19434013984761,17676137.0,PASS,1,Young,V87_K5
V88_H15.txt,1.0,,Dipnotetrapodomorpha,0.4638696939782823,114361071.0,9711098.8,11.776326588295033,2221.0,0.00029576680789800646,0.8012246341361353,71.73410727808665,49573957.0,FAIL,1,Young,V88_H15
V88_H5.txt,1.0,,Dipnotetrapodomorpha,0.5325682069868116,14162361.0,37192894.7,0.3807813592954893,3779.0,0.06592448251148815,0.9222162928526884,71.15577446647957,53648965.0,FAIL,1,Young,V88_H5
V88_I1.txt,1.0,,Euteleostomi,0.34824729126832377,26055174.0,11801745.8,2.2077389601121555,2872.0,0.03294134263387762,0.9703047657880672,70.65079225217414,26138704.0,FAIL,1,Young,V88_I1
V89_A17.txt,1.0,,Dipnotetrapodomorpha,0.6611374407582938,5475216.0,1654659.5,3.308968401051697,1042.0,-0.07130732296282943,1.2574709023350914,69.76877137282098,8633692.0,FAIL,1,Young,V89_A17
V89_A7.txt,1.0,,Dipnotetrapodomorpha,0.5232843137254902,17606028.0,5563373.4,3.1646317322507955,2552.0,-0.19507485712243489,1.4598466662121687,66.52455135931662,17790528.0,FAIL,1,Young,V89_A7
V89_C4.txt,1.0,,Dipnotetrapodomorpha,0.47846638655462187,17043132.0,8461073.4,2.014299036810152,3242.0,0.05702645701185343,1.0542976063748724,69.96250287889525,23093039.0,PASS,1,Young,V89_C4
V90_H16.txt,1.0,,Dipnotetrapodomorpha,0.35453519006398193,18523110.0,8759914.8,2.1145308399574843,2222.0,-0.019317523474893784,1.1876717398754502,68.56744859641569,19453168.0,PASS,1,Young,V90_H16
V90_H6.txt,1.0,,Dipnotetrapodomorpha,0.5963149078726968,50616684.0,6208693.4,8.152550100154727,1061.0,-0.14430253658033484,1.3688091837492466,66.70725525917022,30897145.0,FAIL,1,Young,V90_H6
V90_I2.txt,1.0,,Dipnotetrapodomorpha,0.47962962962962963,17749008.0,33502150.5,0.5297871251578313,3373.0,0.06266231633637416,1.047494116596159,70.15657855894328,43535700.0,FAIL,1,Young,V90_I2
V91_I10.txt,1.0,,Dipnotetrapodomorpha,0.5342917041030248,7002828.0,6038123.0,1.1597690209358107,2535.0,0.034923616419812856,1.4513001122146352,65.80612768614165,13116934.0,FAIL,1,Young,V91_I10
V91_I17.txt,1.0,,Dipnotetrapodomorpha,0.5094890510948905,10253919.0,5081701.3,2.017812223634632,2418.0,0.17758053224401593,1.270940907072778,67.49327493028697,11542993.0,PASS,1,Young,V91_I17
V91_I3.txt,1.0,,Dipnotetrapodomorpha,0.43022774327122154,6892623.0,3899164.1,1.7677181116845018,1628.0,0.04118740979401305,1.8228229835893859,61.47899949063788,9693064.0,FAIL,1,Young,V91_I3
V92_I11.txt,1.0,1.0,Bovidae,0.34810610195393515,16565937.0,8906700.4,1.8599409720798512,5286.0,-0.028943386229293214,0.9262106750761402,70.56070875383739,29830371.0,PASS,1,Young,V92_I11
V92_I18.txt,,1.0,Dipnotetrapodomorpha,0.4282532612153993,29568990.0,14940359.200000001,1.9791351468979406,2289.0,-0.05115088296088736,0.9299415196940026,70.78366338408875,27931208.0,PASS,1,Young,V92_I18
V92_I4.txt,1.0,,Dipnotetrapodomorpha,0.41012216404886565,28233342.0,8518680.3,3.314285899425055,2948.0,-0.05859796568843422,1.0309636565526001,69.79155061647744,24728040.0,FAIL,1,Young,V92_I4
V93_A18.txt,1.0,,Dipnotetrapodomorpha,0.6323450134770889,14235846.0,14218088.3,1.0012489513094387,2504.0,-0.10349404876757609,1.0241528504759148,69.6683689377163,25785594.0,FAIL,1,Young,V93_A18
V93_A8.txt,1.0,,Bovidae,0.4736032196969697,14080059.0,15339812.8,0.9178768465805528,3054.0,-0.14029739069394945,1.0276255947161252,69.69575149339924,24284328.0,FAIL,1,Young,V93_A8
V93_C5.txt,1.0,,Bovidae,0.40407376823561797,10663740.0,8582869.1,1.2424446738911585,4135.0,0.07706325485529708,1.000246370466935,69.87529237284599,21745110.0,FAIL,1,Young,V93_C5
V9_C17.txt,1.0,1.0,Pecora,0.2678124478558318,15026193.0,11780189.200000001,1.2755476796586593,2783.0,-0.03273763073045983,1.0772217258364682,69.41869458034631,25040384.0,FAIL,1,Young,V9_C17
V9_E14.txt,1.0,0.9507696922791248,Dipnotetrapodomorpha,0.32261640798226165,60504381.0,9272094.0,6.525427913047474,2246.0,-0.07393806460621895,1.1606991210680027,69.10622876453533,35638275.0,FAIL,1,Young,V9_E14
V9_E4.txt,1.0,1.0,Bovidae,0.3593814150814288,18532335.0,8700729.700000001,2.1299747996998457,4424.0,0.007079034994654068,1.0479014239099151,70.06497481796727,23223024.0,PASS,1,Young,V9_E4
VatLat_10696_K14.txt,,,Dipnotetrapodomorpha,0.34872437001095635,12858633.0,8754110.3,1.4688680584707734,2350.0,-0.13670458371843341,1.1832076738605324,68.08279365506507,17799382.0,FAIL,1,Young,VatLat_10696_K14
VatLat_10696_K19.txt,,,Euteleostomi,0.41083612040133777,19998813.0,8678757.1,2.304340675694219,1798.0,-0.554503399644264,1.6418911707125101,66.35431356853672,18909403.0,FAIL,1,Young,VatLat_10696_K19
VatLat_10696_K9.txt,1.0,,Dipnotetrapodomorpha,0.4666666666666667,6375825.0,5130915.4,1.2426291417706867,1915.0,0.010586319252584835,1.4835267615286465,64.61534202364868,10737827.0,FAIL,1,Young,VatLat_10696_K9
regLat_316_K10.txt,1.0,,Dipnotetrapodomorpha,0.7258693808312129,1212438.0,4544581.600000001,0.26678759602424124,4230.0,-1.0727358663974014,1.9185607720177456,65.5776931378942,17378076.0,FAIL,1,Young,regLat_316_K10
regLat_316_K15.txt,,,Bovidae,0.3259566620562471,9043104.0,7566133.9,1.1952080308808704,1327.0,0.2282161722469433,1.4678442299707977,67.68328143119136,11249063.0,FAIL,1,Young,regLat_316_K15
regLat_316_K20.txt,,,Dipnotetrapodomorpha,0.3412289735667697,9781620.0,9375273.700000001,1.0433423399681654,1849.0,-0.10592979924917247,1.2334386838351354,68.06142029878241,14547812.0,FAIL,1,Young,regLat_316_K20
