filename,PQI,PNI,sample_id,Species_Display,Total_Ion_Count,Mean_Intensity,n_peaks,Mean_PPM_Error,Std_PPM_Error,Mean_Confidence,COL1A1_Corrected,COL1A2_Corrected,COL1A1_to_COL1A2_Ratio,COL3A1_Peaks,Ratio_QC,Fetal_Markers,Age_Category,Gelatin_Index,species,confidence,confidence_category,notes
20251217-0922_TTF_013400_ONJ_TR_MC_2025_12_17_2101005550,0.6771379391838331,0.0,20251217-0922_TTF_013400_ONJ_TR_MC_2025_12_17_2101005550.mzXML,Sheep,3311897632.0,3237.6201505070667,1022942,-0.0642553950797031,1.885333591377332,60.59167087379187,2373473529.0,1767229674.6,1.3430475750341953,446387.0,REVIEW,1,Young/Fetal,0.6771379391838331,Sheep,0.8,High,ɑ1 586: Ovis/Capra dominant + ɑ2 757: Ovis (ratio=7.4:1)
63-146_K23,,,63-146_K23.txt,Sheep,9575362.0,2366.0395354583643,4047,-0.1074956518978303,1.4577516325805064,65.02245295661498,5586744.0,4710323.8,1.186063684199375,2317.0,REVIEW,1,Young/Fetal,,Sheep,0.8,High,ɑ1 586: Ovis/Capra dominant + ɑ2 757: Ovis (ratio=58.0:1)
63-146_L19,,,63-146_L19.txt,Sheep,19925078.0,3477.326003490401,5730,0.0417881309980257,1.2113546186111832,68.03907055693702,17429673.0,7451113.8,2.339203704015365,1976.0,REVIEW,1,Young/Fetal,,Sheep,0.8,High,ɑ1 586: Ovis/Capra dominant + ɑ2 757: Ovis (ratio=50.9:1)
63-146_L9,1.0,,63-146_L9.txt,Sheep,19539692.0,3786.028289091261,5161,-0.0072599180808924,1.2939564861635475,67.32065021852658,26590686.0,5565549.600000001,4.777728690083006,2313.0,REVIEW,1,Young/Fetal,,Sheep,0.8,High,ɑ1 586: Ovis/Capra dominant + ɑ2 757: Ovis (ratio=26.1:1)
63-6_K22,,,63-6_K22.txt,Bovidae,12377180.0,8595.263888888889,1440,-0.580224875681449,1.7766236885129838,67.3534269871696,26962290.0,389018.5,69.30850332310675,853.0,REVIEW,1,Young/Fetal,,Bovidae,0.4,Low,No COL3A1 or hydroxylation markers found; Diagnostic masses inconclusive - family level only
63-6_L18,,,63-6_L18.txt,Bovidae,1488135.0,2227.747005988024,668,-1.2642401216515349,1.7162095051127917,64.08022407766471,1416495.0,1042141.1,1.3592161368551725,70.0,REVIEW,1,Young/Fetal,,Bovidae,0.4,Low,No COL3A1 or hydroxylation markers found; Diagnostic masses inconclusive - family level only
63-6_L8,1.0,,63-6_L8.txt,Sheep,24515628.0,2789.036177474403,8790,-0.1451721098902887,1.0681375702696954,69.59178222223004,11362629.0,7836353.2,1.4499893904731094,4409.0,REVIEW,1,Young/Fetal,,Sheep,0.9,High,ɑ1 586: Ovis/Capra + ɑ2 757: Ovis pattern (ratio=20.9:1)
65-129_K24,1.0,,65-129_K24.txt,Sheep,4426036.0,2577.772859638905,1717,-0.2379375739507194,2.262704456352829,52.5056815468819,4222494.0,2396267.9,1.7621126586054925,464.0,REVIEW,1,Young/Fetal,,Sheep,0.9,High,ɑ1 586: Ovis/Capra + ɑ2 757: Ovis pattern (ratio=56.7:1)
65-129_L10,,,65-129_L10.txt,Sheep,14373198.0,3526.2998037291463,4076,-0.0447805007875017,1.427113020457074,65.61331055995262,26276985.0,4496034.4,5.8444804158971735,832.0,REVIEW,1,Young/Fetal,,Sheep,0.8,High,ɑ1 586: Ovis/Capra dominant + ɑ2 757: Ovis (ratio=18.5:1)
65-129_L20,,,65-129_L20.txt,Sheep,13580297.0,2601.5894636015328,5220,-0.0515443495346376,1.2340454251580348,67.59314244441923,16848375.0,7128492.8,2.363525568827116,899.0,REVIEW,1,Young/Fetal,,Sheep,0.8,High,ɑ1 586: Ovis/Capra dominant + ɑ2 757: Ovis (ratio=22.7:1)
65-130_L1,1.0,,65-130_L1.txt,Sheep,13282235.0,2389.750809643757,5558,-0.0925261647975785,1.231827552485759,67.42651010893832,15638679.0,5295695.600000001,2.95309250780955,1852.0,REVIEW,1,Young/Fetal,,Sheep,0.8,High,ɑ1 586: Ovis/Capra dominant + ɑ2 757: Ovis (ratio=43.4:1)
65-130_L11,,,65-130_L11.txt,Sheep,26640652.0,2442.303997066373,10908,0.0268262946214915,0.9300803812069004,70.68170096138844,10517448.0,12170975.7,0.8641417302312089,5301.0,REVIEW,1,Young/Fetal,,Sheep,0.8,High,ɑ1 586: Ovis/Capra dominant + ɑ2 757: Ovis (ratio=31.4:1)
65-130_L21,,,65-130_L21.txt,Sheep,15619175.0,2704.619047619048,5775,-0.0080492110385855,1.2330093248364922,67.69967098778186,14254056.0,6355349.0,2.242843941379144,2434.0,REVIEW,1,Young/Fetal,,Sheep,0.8,High,ɑ1 586: Ovis/Capra dominant + ɑ2 757: Ovis (ratio=29.3:1)
67-149_L14,,,67-149_L14.txt,Sheep,32445689.0,6816.321218487395,4760,-0.0606656173448747,1.4205221327888136,65.64395955463243,10700715.0,8068256.3,1.3262735592571595,2161.0,REVIEW,1,Young/Fetal,,Sheep,0.9,High,ɑ1 586: Ovis/Capra + ɑ2 757: Ovis pattern (ratio=174.2:1)
67-149_L24,,,67-149_L24.txt,Sheep,11084714.0,2482.5787234042555,4465,-0.0611510841924568,1.4210324920990662,65.38168412217561,7372140.0,6906868.8,1.0673635497463048,1244.0,REVIEW,1,Young/Fetal,,Sheep,0.8,High,ɑ1 586: Ovis/Capra dominant + ɑ2 757: Ovis (ratio=49.4:1)
67-149_L4,,,67-149_L4.txt,Sheep,16046307.0,2130.9836653386456,7530,0.011481445329868,1.094853483202645,68.85036047805012,11690673.0,6628618.100000001,1.7636666984933105,3941.0,REVIEW,1,Young/Fetal,,Sheep,0.8,High,ɑ1 586: Ovis/Capra dominant + ɑ2 757: Ovis (ratio=28.7:1)
67-77_L12,1.0,,67-77_L12.txt,Sheep,23125325.0,2406.381373569199,9610,0.1629856125809211,1.0639590114981494,70.0157675654732,17328600.0,11759748.0,1.473551984277214,4792.0,REVIEW,1,Young/Fetal,,Sheep,0.8,High,ɑ1 586: Ovis/Capra dominant + ɑ2 757: Ovis (ratio=21.8:1)
67-77_L2,1.0,,67-77_L2.txt,Sheep,20245487.0,3104.659868118387,6521,-0.1369829817818022,1.122443375993416,68.96205724254324,35246352.0,6185419.5,5.698296130116963,1235.0,REVIEW,1,Young/Fetal,,Sheep,0.8,High,ɑ1 586: Ovis/Capra dominant + ɑ2 757: Ovis (ratio=72.3:1)
67-77_L22,,,67-77_L22.txt,Bovidae,5753506.0,5087.096374889478,1131,0.2832765611122275,1.075849547755278,71.74197646829332,3710424.0,101397.4,36.59289094197681,917.0,REVIEW,1,Young/Fetal,,Bovidae,0.4,Low,No COL3A1 or hydroxylation markers found; Diagnostic masses inconclusive - family level only
67-86_L13,1.0,,67-86_L13.txt,Sheep,36348164.0,2692.656048596192,13499,-0.016195658645803,0.8199728348786619,71.8245995410535,29429622.0,16519672.0,1.7814894872004725,6847.0,REVIEW,1,Young/Fetal,,Sheep,0.8,High,ɑ1 586: Ovis/Capra dominant + ɑ2 757: Ovis (ratio=14.4:1)
67-86_L23,1.0,,67-86_L23.txt,Sheep,32125084.0,3132.931929003316,10254,-0.0580185265915154,0.9237943255763053,70.7506751696344,21859881.0,19841438.5,1.101728637265892,3348.0,REVIEW,1,Young/Fetal,,Sheep,0.8,High,ɑ1 586: Ovis/Capra dominant + ɑ2 757: Ovis (ratio=40.5:1)
67-86_L3,1.0,,67-86_L3.txt,Sheep,20573659.0,1993.3784517004167,10321,0.1275031849898567,1.0837546494243624,70.00786048938315,11210004.0,11108386.9,1.0091477818440049,4700.0,REVIEW,1,Young/Fetal,,Sheep,0.8,High,ɑ1 586: Ovis/Capra dominant + ɑ2 757: Ovis (ratio=7.4:1)
EXB__IR3_I15,,0.0,EXB__IR3_I15.txt,Bovidae,595908.0,3024.9137055837564,197,-0.7447533116350415,1.4496333846887328,66.96770563493332,1661586.0,54659.8,30.39868422496972,0.0,REVIEW,0,Adult,,Bovidae,0.4,Low,No COL3A1 or hydroxylation markers found; Diagnostic masses inconclusive - family level only
EXB__IR3_I22,0.0,0.0,EXB__IR3_I22.txt,Bovidae,10121690.0,2211.4245138737165,4577,2.788092792718779,2.354823707832572,54.634291233846525,4300431.0,1939492.1,2.217297507940352,1984.0,REVIEW,1,Young/Fetal,0.0,Bovidae,0.5,Low,COL3A1 and hydroxylation patterns ambiguous; Diagnostic masses inconclusive - family level only
EXB__IR3_I8,,,EXB__IR3_I8.txt,Bovidae,4386935.0,1868.3709540034072,2348,0.16983861186572,0.799170141312863,71.22872115885198,4739940.0,1562988.7,3.0326130956672945,936.0,REVIEW,1,Young/Fetal,,Bovidae,0.4,Low,No COL3A1 or hydroxylation markers found; Diagnostic masses inconclusive - family level only
EXB__IR4_I16,,,EXB__IR4_I16.txt,Bovidae,16022.0,2288.8571428571427,7,-2.014215095718242,2.952968873366276,33.741688806788666,1422.0,19351.8,0.0734815366012464,1.0,REVIEW,0,Adult,,Bovidae,0.4,Low,No COL3A1 or hydroxylation markers found; Diagnostic masses inconclusive - family level only
EXB__IR4_I23,0.1693064394648891,,EXB__IR4_I23.txt,Sheep,2816017.0,1026.9938001458788,2742,-1.3399365056503267,1.8350537926081347,64.70224158483724,19851.0,576379.7000000001,0.0344408382182786,2144.0,REVIEW,1,Young/Fetal,,Sheep,0.75,Medium,Hydroxylation pattern suggests Ovis (score=1.40)
EXB__IR4_I9,0.5,,EXB__IR4_I9.txt,Bovidae,969610.0,5876.424242424242,165,-0.1964445655313668,1.1775557515178643,67.69291085734508,144753.0,18902.0,7.65807851021056,104.0,REVIEW,1,Young/Fetal,,Bovidae,0.4,Low,No COL3A1 or hydroxylation markers found; Diagnostic masses inconclusive - family level only
EXB__IR5_M16,1.0,,EXB__IR5_M16.txt,Bovidae,380341.0,3692.631067961165,103,-0.4010501553837773,0.5278810514976991,70.95828218998503,0.0,480738.7,0.0,3.0,REVIEW,0,Adult,,Bovidae,0.4,Low,No COL3A1 or hydroxylation markers found; Diagnostic masses inconclusive - family level only
EXB__IR5_M23,,,EXB__IR5_M23.txt,Bovidae,21723520.0,4262.020796546988,5097,-0.4507057871756245,2.0659714720462565,65.44969358506934,15300738.0,3144434.8000000003,4.865974005884937,3125.0,REVIEW,1,Young/Fetal,,Bovidae,0.4,Low,No COL3A1 or hydroxylation markers found; Diagnostic masses inconclusive - family level only
EXB__IR5_M9,1.0,,EXB__IR5_M9.txt,Bovidae,4598602.0,1956.851914893617,2350,0.1942593057500261,0.979705163011958,70.13113559411508,6667770.0,1523029.3,4.377965676694466,1247.0,REVIEW,1,Young/Fetal,,Bovidae,0.5,Low,COL3A1 and hydroxylation patterns ambiguous; Diagnostic masses inconclusive - family level only
J58_K21,1.0,,J58_K21.txt,Sheep,31414357.0,3738.91418709831,8402,0.0302270713695291,0.9694974383802484,70.61281273143808,51999303.0,15021016.4,3.461769937219428,1104.0,REVIEW,1,Young/Fetal,,Sheep,0.9,High,ɑ1 586: Ovis/Capra + ɑ2 757: Ovis pattern (ratio=14358.0:1)
J58_L17,1.0,,J58_L17.txt,Goat,21725936.0,2226.2461317757966,9759,0.018423747698115,0.9526744399991132,70.7176918731094,14834286.0,12493984.1,1.1873143011283327,2465.0,REVIEW,1,Young/Fetal,,Goat,0.9,High,ɑ2 757: Capra pattern detected (3077/3093 signal=1936)
J58_L7,1.0,,J58_L7.txt,Goat,18792121.0,2195.854288385137,8558,-0.0455400138302975,0.8971118612760781,71.31063778103696,12418842.0,10426990.6,1.1910284066046823,3586.0,REVIEW,1,Young/Fetal,,Goat,0.9,High,ɑ2 757: Capra pattern detected (3077/3093 signal=2577)
SENS__180_M14,1.0,,SENS__180_M14.txt,Sheep/Goat,13289688.0,2066.1828358208954,6432,-0.0222520363617007,1.0441175703268295,70.16458075466146,7482999.0,6129513.0,1.2208146063153793,2730.0,REVIEW,1,Young/Fetal,,Sheep/Goat,0.6,Low,"ɑ1 586: Ovis/Capra, ɑ2 757 ambiguous"
SENS__180_M21,1.0,,SENS__180_M21.txt,Sheep,17621554.0,2112.389594821386,8342,-0.1618803230545071,0.9600865346408696,70.4372612791663,10943022.0,5688361.9,1.9237562926507887,4972.0,PASS,1,Young/Fetal,,Sheep,0.8,High,ɑ1 586: Ovis/Capra dominant + ɑ2 757: Ovis (ratio=4.0:1)
SENS__180_M7,1.0,,SENS__180_M7.txt,Sheep,14160241.0,1764.7359172482552,8024,0.0296946287497794,0.8920539858708907,71.11268773707667,14462532.0,8898002.1,1.6253684633317855,1289.0,REVIEW,1,Young/Fetal,,Sheep,0.8,High,ɑ1 586: Ovis/Capra dominant + ɑ2 757: Ovis (ratio=2966.0:1)
SENS__J119_M13,,,SENS__J119_M13.txt,Bovidae,1685676.0,2192.036410923277,769,-0.5165510955177433,1.581304702424016,67.0041648977043,791925.0,554910.2000000001,1.4271228029327987,443.0,REVIEW,1,Young/Fetal,,Bovidae,0.4,Low,No COL3A1 or hydroxylation markers found; Diagnostic masses inconclusive - family level only
SENS__J119_M20,,,SENS__J119_M20.txt,Calf,67213904.0,2506.2047056191504,26819,-0.1440652924481258,1.2554834967142432,69.93916679926669,51855156.0,24130091.7,2.1489829647021192,12449.0,PASS,1,Young/Fetal,,Calf,0.8,High,ɑ1 586: Bos dominant (ratio=3.7:1)
SENS__J119_M6,,,SENS__J119_M6.txt,Bovidae,2914931.0,3253.2712053571427,896,-1.138020226136258,2.352946410338583,64.72779565528927,986586.0,12512.5,78.84803196803196,814.0,REVIEW,1,Young/Fetal,,Bovidae,0.4,Low,No COL3A1 or hydroxylation markers found; Diagnostic masses inconclusive - family level only
SENS__J23_M10,1.0,,SENS__J23_M10.txt,Sheep/Goat,22864195.0,2142.44705772114,10672,0.0377643258821825,0.9042879727914608,71.3073015031645,15413883.0,9271255.5,1.6625453801807102,5388.0,REVIEW,1,Young/Fetal,,Sheep/Goat,0.6,Low,"ɑ1 586: Ovis/Capra, ɑ2 757 ambiguous"
SENS__J23_M17,1.0,,SENS__J23_M17.txt,Sheep,22144781.0,2009.873025957524,11018,-0.0391148013875706,0.8990634504963858,71.19033268655537,16268406.0,6846966.100000001,2.376002124502997,5992.0,REVIEW,1,Young/Fetal,,Sheep,0.8,High,ɑ1 586: Ovis/Capra dominant + ɑ2 757: Ovis (ratio=2430.0:1)
SENS__J23_M3,1.0,,SENS__J23_M3.txt,Sheep/Goat,14271252.0,2344.931317778508,6086,-0.0044246323640512,1.0634717147359611,69.59565850497583,14862324.0,5126270.5,2.8992469281517628,2810.0,REVIEW,1,Young/Fetal,,Sheep/Goat,0.6,Low,"ɑ1 586: Ovis/Capra, ɑ2 757 ambiguous"
SENS__J24_M11,1.0,,SENS__J24_M11.txt,Sheep/Goat,41944893.0,2314.967327115183,18119,0.1734635753037011,1.0498647939944468,70.30723140296917,14655702.0,31964731.5,0.4584960145840737,7536.0,REVIEW,1,Young/Fetal,,Sheep/Goat,0.6,Low,"ɑ1 586: Ovis/Capra, ɑ2 757 ambiguous"
SENS__J24_M18,1.0,,SENS__J24_M18.txt,Sheep/Goat,20179489.0,2460.31321628871,8202,0.0366565996195715,0.9982121511427074,70.31199047617879,12994653.0,9676748.9,1.3428738447475888,3241.0,REVIEW,1,Young/Fetal,,Sheep/Goat,0.6,Low,"ɑ1 586: Ovis/Capra, ɑ2 757 ambiguous"
SENS__J24_M4,1.0,,SENS__J24_M4.txt,Bovidae,32075763.0,2508.466645812153,12787,0.0194837307548859,0.9607097106497524,71.05404485553527,12409509.0,8106451.600000001,1.5308188603753583,6869.0,REVIEW,1,Young/Fetal,,Bovidae,0.3,Low,Family-level only: Bovidae
SENS__J4_L15,1.0,,SENS__J4_L15.txt,Sheep,53520747.0,3374.9998108210366,15858,-0.0083620524926943,0.7837006794400385,71.70144592092821,18834228.0,45938009.0,0.409992257174228,4563.0,REVIEW,1,Young/Fetal,,Sheep,0.8,High,ɑ1 586: Ovis/Capra dominant + ɑ2 757: Ovis (ratio=17788.0:1)
SENS__J4_L5,,,SENS__J4_L5.txt,Sheep,30100954.0,2843.468165501606,10586,-0.0590102723036041,0.9429868003856232,71.19795313456176,18275568.0,18493233.2,0.9882300083686828,3954.0,REVIEW,1,Young/Fetal,,Sheep,0.8,High,ɑ1 586: Ovis/Capra dominant + ɑ2 757: Ovis (ratio=7.6:1)
SENS__J4_M1,1.0,,SENS__J4_M1.txt,Sheep/Goat,26660177.0,2293.9405437962487,11622,0.0156982003481057,0.8331721614827939,71.68770557150653,10045050.0,19424481.7,0.517133489332691,4036.0,REVIEW,1,Young/Fetal,,Sheep/Goat,0.6,Low,"ɑ1 586: Ovis/Capra, ɑ2 757 ambiguous"
SENS__J59_M12,,,SENS__J59_M12.txt,Bovidae,1032147.0,2782.067385444744,371,-0.5163130965860651,1.7608841767609096,67.86343105566688,231537.0,215528.3,1.0742765567213215,331.0,REVIEW,1,Young/Fetal,,Bovidae,0.4,Low,No COL3A1 or hydroxylation markers found; Diagnostic masses inconclusive - family level only
SENS__J59_M19,1.0,,SENS__J59_M19.txt,Goat,24453536.0,2420.4232406215974,10103,0.0957929318991491,0.9298376978612992,70.63290013316569,12628977.0,13409969.3,0.9417603215542036,4056.0,REVIEW,1,Young/Fetal,,Goat,0.9,High,ɑ2 757: Capra pattern detected (3077/3093 signal=892)
SENS__J59_M5,1.0,,SENS__J59_M5.txt,Sheep/Goat,24249759.0,2988.6318708405224,8114,0.0531408464495938,0.9767202576737024,70.95366027191982,30305835.0,12895808.9,2.350053047079505,2388.0,REVIEW,1,Young/Fetal,,Sheep/Goat,0.6,Low,"ɑ1 586: Ovis/Capra, ɑ2 757 ambiguous"
SENS__J603_M15,,,SENS__J603_M15.txt,Sheep,67958146.0,5920.214827075529,11479,-0.0637788262124408,0.9578080651207505,70.72418794321459,37068456.0,36378806.1,1.0189574638074776,5143.0,REVIEW,1,Young/Fetal,,Sheep,0.8,High,ɑ1 586: Ovis/Capra dominant + ɑ2 757: Ovis (ratio=250.9:1)
SENS__J603_M22,,,SENS__J603_M22.txt,Sheep,39109673.0,3278.262615255658,11930,0.0693325675858835,0.9022713111338588,70.97341958978332,19212255.0,10966498.4,1.7519042359045072,5602.0,REVIEW,1,Young/Fetal,,Sheep,0.8,High,ɑ1 586: Ovis/Capra dominant + ɑ2 757: Ovis (ratio=12.2:1)
SENS__J603_M8,,,SENS__J603_M8.txt,Sheep,25116759.0,5044.538863225547,4979,-0.0345124783539743,1.3517501206461726,67.10569085310759,33521295.0,9522815.9,3.5201032291299468,1636.0,REVIEW,1,Young/Fetal,,Sheep,0.8,High,ɑ1 586: Ovis/Capra dominant + ɑ2 757: Ovis (ratio=69.4:1)
SENS__J8_L16,1.0,,SENS__J8_L16.txt,Sheep,20361635.0,2427.7614164778824,8387,0.2258684936260011,1.1428141476023286,69.35797634683912,18183138.0,7475991.9,2.432204079835881,3839.0,REVIEW,1,Young/Fetal,,Sheep,0.8,High,ɑ1 586: Ovis/Capra dominant + ɑ2 757: Ovis (ratio=1394.0:1)
SENS__J8_L6,1.0,,SENS__J8_L6.txt,Sheep,25908741.0,3047.011760555098,8503,0.0516157279207016,1.061708672565829,70.1787274196685,17557164.0,11133726.5,1.5769350899718977,4265.0,REVIEW,1,Young/Fetal,,Sheep,0.9,High,ɑ1 586: Ovis/Capra + ɑ2 757: Ovis pattern (ratio=33.4:1)
SENS__J8_M2,1.0,,SENS__J8_M2.txt,Sheep/Goat,13346593.0,2408.2629014796103,5542,-0.1340392452058631,1.2637689594386197,67.85513385183559,17530347.0,3187098.2,5.500410059533151,2292.0,REVIEW,1,Young/Fetal,,Sheep/Goat,0.6,Low,"ɑ1 586: Ovis/Capra, ɑ2 757 ambiguous"
V100_K11,,,V100_K11.txt,Sheep,19281163.0,3267.4399254363666,5901,0.0848276864805936,1.1976589626888174,67.97556724773408,26038653.0,9234612.4,2.819680119979913,948.0,REVIEW,1,Young/Fetal,,Sheep,0.8,High,ɑ1 586: Ovis/Capra dominant + ɑ2 757: Ovis (ratio=31.9:1)
V100_K16,,,V100_K16.txt,Sheep,9370971.0,3099.8911677141914,3023,-0.0854872387899769,1.6876554704863929,62.31342144873712,11593227.0,3920675.2,2.9569465483904405,739.0,REVIEW,1,Young/Fetal,,Sheep,0.8,High,ɑ1 586: Ovis/Capra dominant + ɑ2 757: Ovis (ratio=35.8:1)
V100_K6,,,V100_K6.txt,Sheep,23801423.0,4053.3758514986375,5872,0.0068002939505223,1.144973196708456,68.6069962117864,8505573.0,4528469.4,1.8782445565382424,3966.0,PASS,1,Young/Fetal,,Sheep,0.8,High,ɑ1 586: Ovis/Capra dominant + ɑ2 757: Ovis (ratio=26.0:1)
V101_K12,1.0,,V101_K12.txt,Goat,18499630.0,2922.5323854660346,6330,-0.0209512486394567,1.0829275508516658,69.51003078326295,10969752.0,8021579.8,1.3675301216850078,3257.0,REVIEW,1,Young/Fetal,,Goat,0.85,High,ɑ2 757: Capra pattern dominant (ratio=3.8:1)
V101_K17,1.0,,V101_K17.txt,Sheep,13311366.0,3663.00660429279,3634,-0.0118227194910811,1.4589207334074406,65.15363694904262,16593552.0,3612638.9,4.59319418832588,1181.0,REVIEW,1,Young/Fetal,,Sheep,0.8,High,ɑ1 586: Ovis/Capra dominant + ɑ2 757: Ovis (ratio=106.7:1)
V101_K7,1.0,,V101_K7.txt,Sheep,23148350.0,3186.283551273228,7265,0.059071558904587,1.0494435711856325,69.1287056540486,27423477.0,8559703.1,3.203788341677412,2427.0,REVIEW,1,Young/Fetal,,Sheep,0.8,High,ɑ1 586: Ovis/Capra dominant + ɑ2 757: Ovis (ratio=65.5:1)
V103_I12,,,V103_I12.txt,Bovidae,14531336.0,3182.508979413053,4566,-0.3248795795069319,1.6630259048606957,66.6552918307263,17205309.0,2830685.0,6.078143276274117,2501.0,REVIEW,1,Young/Fetal,,Bovidae,0.4,Low,No COL3A1 or hydroxylation markers found; Diagnostic masses inconclusive - family level only
V103_I19,1.0,,V103_I19.txt,Bovidae,50437930.0,4028.910456106718,12519,0.1900373673957669,0.9905282075733096,70.71111665026058,17360586.0,29392886.9,0.5906390229399344,3470.0,REVIEW,1,Young/Fetal,,Bovidae,0.5,Low,COL3A1 and hydroxylation patterns ambiguous; Diagnostic masses inconclusive - family level only
V103_I5,0.8091668381636099,,V103_I5.txt,Goat,45720669.0,4897.243894601543,9336,-0.2432191898705547,1.291505329674506,69.3815100155892,24880845.0,11990217.2,2.0750954369700656,5210.0,PASS,1,Young/Fetal,,Goat,0.75,Medium,Hydroxylation pattern suggests Capra (score=2.19)
V104_I13,1.0,,V104_I13.txt,Bovidae,53429884.0,19507.077035414382,2739,-0.11492768565476,1.276791048515398,69.93161700195755,4927482.0,3169554.7,1.5546291092562623,1370.0,REVIEW,1,Young/Fetal,,Bovidae,0.4,Low,No COL3A1 or hydroxylation markers found; Diagnostic masses inconclusive - family level only
V104_I20,,,V104_I20.txt,Sheep,11929756.0,2616.174561403509,4560,0.1195654278515058,1.440405862974251,65.61931644951082,3354312.0,9244414.4,0.362847429254145,1109.0,REVIEW,1,Young/Fetal,,Sheep,0.8,High,ɑ1 586: Ovis/Capra dominant + ɑ2 757: Ovis (ratio=15.0:1)
V104_I6,,,V104_I6.txt,Sheep,13987566.0,2580.731734317343,5420,0.0990718963310813,1.2678486710099557,67.39362707547804,8169051.0,10531093.3,0.7757077795521952,1343.0,REVIEW,1,Young/Fetal,,Sheep,0.8,High,ɑ1 586: Ovis/Capra dominant + ɑ2 757: Ovis (ratio=48.1:1)
V105_K13,,,V105_K13.txt,Goat,6947129.0,2756.7972222222224,2520,-0.0371529385494494,1.7701317798520526,61.11907594066887,5084868.0,3037446.1,1.6740603232432667,1294.0,REVIEW,1,Young/Fetal,,Goat,0.85,High,ɑ2 757: Capra pattern dominant (ratio=3.4:1)
V105_K18,,,V105_K18.txt,Goat,29595475.0,2602.486370031657,11372,-0.1094677323693187,0.853650206078357,70.78698158593677,16156911.0,18028271.3,0.896198572294616,3869.0,REVIEW,1,Young/Fetal,,Goat,0.85,High,ɑ2 757: Capra pattern dominant (ratio=3.4:1)
V105_K8,1.0,,V105_K8.txt,Bovidae,20425145.0,5438.004526091587,3756,-0.4776360651703411,1.2668718307777656,68.69290786177648,3050301.0,764613.2000000001,3.989338661691951,3162.0,REVIEW,1,Young/Fetal,,Bovidae,0.4,Low,No COL3A1 or hydroxylation markers found; Diagnostic masses inconclusive - family level only
V106_A19,1.0,,V106_A19.txt,Sheep,35429972.0,2735.0603674540685,12954,0.0577098566914663,0.8480143235515638,71.55261848233252,27135312.0,16794619.400000002,1.6157146139316498,4477.0,REVIEW,1,Young/Fetal,,Sheep,0.8,High,ɑ1 586: Ovis/Capra dominant + ɑ2 757: Ovis (ratio=3.8:1)
V106_A9,,,V106_A9.txt,Sheep,20920229.0,2663.979243601172,7853,0.0148136740394977,1.1073514830546374,69.23252376028462,20457861.0,14360577.4,1.4245848499100042,1364.0,REVIEW,1,Young/Fetal,,Sheep,0.8,High,ɑ1 586: Ovis/Capra dominant + ɑ2 757: Ovis (ratio=9.6:1)
V106_C6,1.0,,V106_C6.txt,Sheep,23701923.0,2489.9593444689567,9519,-0.065936513330079,0.995912622077495,70.02193491509323,16349841.0,7315909.9,2.2348335645850423,4968.0,REVIEW,1,Young/Fetal,,Sheep,0.8,High,ɑ1 586: Ovis/Capra dominant + ɑ2 757: Ovis (ratio=5.5:1)
V107_A10,,,V107_A10.txt,Sheep,27546494.0,5930.353928955867,4645,-0.0482238852529346,1.2963430732882475,67.16499468512495,41582979.0,6223354.8,6.681762543893528,2202.0,REVIEW,1,Young/Fetal,,Sheep,0.8,High,ɑ1 586: Ovis/Capra dominant + ɑ2 757: Ovis (ratio=38.3:1)
V107_A20,1.0,,V107_A20.txt,Sheep,18210511.0,3764.057668458041,4838,-0.0166259956663411,1.2449702713335644,67.74831966662659,25224030.0,5473205.4,4.608639390730704,2115.0,REVIEW,1,Young/Fetal,,Sheep,0.8,High,ɑ1 586: Ovis/Capra dominant + ɑ2 757: Ovis (ratio=71.1:1)
V107_C7,,,V107_C7.txt,Sheep,20159941.0,2795.3329173599554,7212,0.0499852767388145,1.2544635139046554,68.64914009804122,12346740.0,9079860.4,1.359794033837789,3250.0,REVIEW,1,Young/Fetal,,Sheep,0.8,High,ɑ1 586: Ovis/Capra dominant + ɑ2 757: Ovis (ratio=34.0:1)
V108_C18,1.0,,V108_C18.txt,Sheep,27307621.0,3579.449600209726,7629,-0.2297742686169447,1.0179206445200295,69.45625342087715,18873327.0,20235611.5,0.9326788567768264,1529.0,REVIEW,1,Young/Fetal,,Sheep,0.8,High,ɑ1 586: Ovis/Capra dominant + ɑ2 757: Ovis (ratio=6.1:1)
V108_C8,,,V108_C8.txt,Goat,15718176.0,3220.937704918033,4880,-0.0025793287723438,1.2874773036401692,67.38947294993196,5491758.0,7864996.100000001,0.6982531116576142,2820.0,REVIEW,1,Young/Fetal,,Goat,0.85,High,ɑ2 757: Capra pattern dominant (ratio=4.3:1)
V108_E5,1.0,,V108_E5.txt,Goat,10608133.0,3186.5824571943526,3329,-0.0722677873507897,1.471350407973766,64.9738379511689,14971182.0,3593623.8000000003,4.166040418588056,795.0,REVIEW,1,Young/Fetal,,Goat,0.9,High,ɑ2 757: Capra pattern detected (3077/3093 signal=40675)
V10_E15,,,V10_E15.txt,Sheep,49663001.0,3363.106995327419,14767,0.081544084332464,0.8246284231854863,71.58432774276878,25296909.0,30483874.2,0.8298456040735137,6287.0,REVIEW,1,Young/Fetal,,Sheep,0.8,High,ɑ1 586: Ovis/Capra dominant + ɑ2 757: Ovis (ratio=17.5:1)
V10_G1,,,V10_G1.txt,Sheep,26115625.0,3820.307928613224,6836,0.0246942233492147,1.1476176518856316,68.73388240442729,18040401.0,12483220.1,1.4451720674219306,3010.0,REVIEW,1,Young/Fetal,,Sheep,0.9,High,ɑ1 586: Ovis/Capra + ɑ2 757: Ovis pattern (ratio=14.4:1)
V10_G11,1.0,1.0,V10_G11.txt,Goat,37245784.0,3505.815512048193,10624,-0.0260275498040156,1.0060954610515889,70.62318611179303,29450637.0,21472354.8,1.371560654353569,3934.0,REVIEW,1,Young/Fetal,0.0,Goat,0.85,High,ɑ2 757: Capra pattern dominant (ratio=4.2:1)
V110_C19,,,V110_C19.txt,Bovidae,5983685.0,2334.641045649629,2563,-0.767197328981374,1.6072543482853898,66.90875419615749,7565709.0,1700775.7,4.44838728587197,988.0,REVIEW,1,Young/Fetal,,Bovidae,0.4,Low,No COL3A1 or hydroxylation markers found; Diagnostic masses inconclusive - family level only
V110_C9,0.7863321090657049,,V110_C9.txt,Goat,73406957.0,7973.816749945688,9206,-0.2912849195662989,1.3847845781610109,68.74095728789464,25589166.0,20470547.5,1.2500479530408262,3636.0,REVIEW,1,Young/Fetal,,Goat,0.75,Medium,Hydroxylation pattern suggests Capra (score=0.96)
V110_E6,1.0,,V110_E6.txt,Bovidae,4199567.0,1926.406880733945,2180,-0.3820458302970536,1.1322451453248077,67.69641153030432,2069703.0,2268974.5,0.9121755224662068,918.0,REVIEW,1,Young/Fetal,,Bovidae,0.5,Low,COL3A1 and hydroxylation patterns ambiguous; Diagnostic masses inconclusive - family level only
V113_C10,,,V113_C10.txt,Sheep,25611766.0,3071.323420074349,8339,-0.3893833182244441,1.3583954648402414,67.34988365826933,22315827.0,11267926.8,1.9804731958322623,2933.0,PASS,1,Young/Fetal,,Sheep,0.8,High,ɑ1 586: Ovis/Capra dominant + ɑ2 757: Ovis (ratio=11.4:1)
V113_C20,1.0,,V113_C20.txt,Sheep,36072017.0,2939.6151087930893,12271,0.0565855080391564,1.1045968903520498,69.77626438614202,50454198.0,10064840.5,5.012915803285705,5878.0,REVIEW,1,Young/Fetal,,Sheep,0.9,High,ɑ1 586: Ovis/Capra + ɑ2 757: Ovis pattern (ratio=9.4:1)
V113_E7,1.0,,V113_E7.txt,Bovidae,9647170.0,4806.761335326358,2007,-1.1241865565796376,2.6982962018125147,59.816337344776905,8352051.0,1086406.1,7.687779919497874,1339.0,REVIEW,1,Young/Fetal,,Bovidae,0.4,Low,No COL3A1 or hydroxylation markers found; Diagnostic masses inconclusive - family level only
V114_C11,,,V114_C11.txt,Sheep/Goat,48565690.0,3638.1519214922464,13349,-0.2509790208456336,0.8083826714740157,71.19323003406187,31350837.0,20106724.3,1.5592215087964378,4801.0,REVIEW,1,Young/Fetal,,Sheep/Goat,0.6,Low,"ɑ1 586: Ovis/Capra, ɑ2 757 ambiguous"
V114_C21,1.0,,V114_C21.txt,Sheep/Goat,6451057.0,3034.3635936030105,2126,-0.1162587360398647,1.6881135039487256,63.20564568992152,3466788.0,3370672.5,1.0285152295276387,824.0,REVIEW,1,Young/Fetal,,Sheep/Goat,0.6,Low,"ɑ1 586: Ovis/Capra, ɑ2 757 ambiguous"
V114_E8,0.5920860276359766,,V114_E8.txt,Sheep,37012051.0,3433.7184339920213,10779,-0.0702782654128641,0.9281246626252012,70.74976928022713,11658984.0,26815337.9,0.4347878830943241,2414.0,REVIEW,1,Young/Fetal,,Sheep,0.8,High,ɑ1 586: Ovis/Capra dominant + ɑ2 757: Ovis (ratio=37.2:1)
V115_I14,1.0,,V115_I14.txt,Sheep,30927408.0,2240.9541337584237,13801,-0.036053154632078,1.1441999132000853,70.11876045708344,13989276.0,18324229.3,0.7634305252881768,5723.0,REVIEW,1,Young/Fetal,,Sheep,0.8,High,ɑ1 586: Ovis/Capra dominant + ɑ2 757: Ovis (ratio=240.2:1)
V115_I21,1.0,,V115_I21.txt,Sheep,18067757.0,1818.0475950895552,9938,0.0384840478312512,0.9552063356284846,71.20852836844028,25713084.0,4695973.100000001,5.475560326357065,3102.0,REVIEW,1,Young/Fetal,,Sheep,0.9,High,ɑ1 586: Ovis/Capra + ɑ2 757: Ovis pattern (ratio=3018.0:1)
V115_I7,1.0,,V115_I7.txt,Sheep/Goat,26493849.0,3296.0747698432447,8038,0.2277154822153909,1.1884608579845517,69.98868178143145,26688891.0,10704175.3,2.493315949338012,2190.0,REVIEW,1,Young/Fetal,,Sheep/Goat,0.6,Low,"ɑ2 757 ambiguous: Ovis=0, Capra=0"
V11_I24,1.0,,V11_I24.txt,Goat,13595562.0,5743.794676806084,2367,-0.1752404860550137,1.7619012832510383,60.74242117931867,16408074.0,6499041.9,2.5246912164083755,602.0,REVIEW,1,Young/Fetal,,Goat,0.8,High,ɑ1 586: Ovis/Capra dominant + ɑ2 757: Capra (ratio=2.7:1)
V11_J10,1.0,1.0,V11_J10.txt,Goat,26918518.0,3337.6959702417853,8065,-0.006485478014924,0.986834366492537,70.19916163419941,21807339.0,16833024.0,1.2955092917351037,3127.0,REVIEW,1,Young/Fetal,0.0,Goat,0.85,High,ɑ2 757: Capra pattern dominant (ratio=132.5:1)
V11_J20,1.0,,V11_J20.txt,Goat,17637233.0,2905.161093724263,6071,0.0772575143662247,1.2452138503082069,68.13293032721795,6563550.0,9570119.0,0.6858378668018653,2558.0,REVIEW,1,Young/Fetal,,Goat,0.8,High,ɑ1 586: Ovis/Capra dominant + ɑ2 757: Capra (ratio=2.9:1)
V12_J1,,,V12_J1.txt,Sheep/Goat,35846207.0,3800.085550726174,9433,0.0934894630023566,1.090437750755059,69.98484799878177,28233765.0,17819786.400000002,1.584405355161833,3651.0,REVIEW,1,Young/Fetal,,Sheep/Goat,0.6,Low,"ɑ1 586: Ovis/Capra, ɑ2 757 ambiguous"
V12_J11,,,V12_J11.txt,Sheep,31814117.0,3645.8992665597066,8726,-0.2513097386053771,1.3549816485516522,68.7790891884456,13680444.0,18034181.1,0.7585841532887789,3015.0,REVIEW,1,Young/Fetal,,Sheep,0.8,High,ɑ1 586: Ovis/Capra dominant + ɑ2 757: Ovis (ratio=7.4:1)
V12_J21,,,V12_J21.txt,Sheep,25114684.0,2672.9123031077056,9396,0.0651956111058619,0.9881549931115056,70.16924943196365,5650116.0,12793362.4,0.4416443326892701,4747.0,REVIEW,1,Young/Fetal,,Sheep,0.9,High,ɑ1 586: Ovis/Capra + ɑ2 757: Ovis pattern (ratio=3.8:1)
V14_E16,1.0,1.0,V14_E16.txt,Sheep,22344313.0,2694.033397636846,8294,0.0138492933391086,0.8988871884712387,71.0723400321106,21690774.0,8616862.8,2.517247228306803,3294.0,REVIEW,1,Young/Fetal,0.0,Sheep,0.9,High,ɑ1 586: Ovis/Capra + ɑ2 757: Ovis pattern (ratio=4.5:1)
V14_G12,1.0,0.9507696922791248,V14_G12.txt,Sheep,41766769.0,4182.532445423593,9986,0.0261837308291092,0.8623478877110929,71.30735774776237,21911646.0,32315869.3,0.6780460026182864,2865.0,REVIEW,1,Young/Fetal,0.0492303077208752,Sheep,0.8,High,ɑ1 586: Ovis/Capra dominant + ɑ2 757: Ovis (ratio=2.6:1)
V14_G2,1.0,,V14_G2.txt,Sheep,21094438.0,2235.2906644060613,9437,-0.0124235837290244,0.8900047581385456,71.16559837634036,15067806.0,8644766.0,1.7429975548210328,5045.0,REVIEW,1,Young/Fetal,,Sheep,0.8,High,ɑ1 586: Ovis/Capra dominant + ɑ2 757: Ovis (ratio=3.7:1)
V16_J12,,,V16_J12.txt,Sheep,16860000.0,3883.0032243205897,4342,0.0225761544359264,1.424320397207495,65.87802783276301,7915671.0,9630853.7,0.8219075116881901,2190.0,REVIEW,1,Young/Fetal,,Sheep,0.8,High,ɑ1 586: Ovis/Capra dominant + ɑ2 757: Ovis (ratio=13.0:1)
V16_J2,,,V16_J2.txt,Bovidae,82298118.0,10582.244824482448,7777,-0.0207366157225875,1.0960606336005398,69.58766358091296,8701182.0,65211646.5,0.1334298774376138,3034.0,REVIEW,1,Young/Fetal,,Bovidae,0.5,Low,COL3A1 and hydroxylation patterns ambiguous; Diagnostic masses inconclusive - family level only
V16_J22,1.0,,V16_J22.txt,Sheep,15587909.0,3121.9525335469657,4993,0.0109122104153194,1.35703162853805,66.51253303223523,6634413.0,10692817.2,0.6204551032631512,1794.0,REVIEW,1,Young/Fetal,,Sheep,0.8,High,ɑ1 586: Ovis/Capra dominant + ɑ2 757: Ovis (ratio=7.9:1)
V17_E17,1.0,,V17_E17.txt,Goat,18204055.0,2226.523361056752,8176,-0.0567880454627171,0.8895521280275588,71.02313761272981,5075136.0,6120791.3,0.8291633795780621,5565.0,REVIEW,1,Young/Fetal,,Goat,0.85,High,ɑ2 757: Capra pattern dominant (ratio=4.9:1)
V17_G13,1.0,,V17_G13.txt,Sheep,23689413.0,2776.2115317004573,8533,-0.047152722817325,0.8879450650119517,70.96885962612718,20792493.0,8133355.100000001,2.556447215737574,4350.0,REVIEW,1,Young/Fetal,,Sheep,0.9,High,ɑ1 586: Ovis/Capra + ɑ2 757: Ovis pattern (ratio=16.4:1)
V17_G3,1.0,,V17_G3.txt,Sheep,15940119.0,2629.5148465852853,6062,0.2731375834154258,1.2689802096006155,68.48371937560243,8913174.0,8265292.100000001,1.0783858443429966,2971.0,REVIEW,1,Young/Fetal,,Sheep,0.9,High,ɑ1 586: Ovis/Capra + ɑ2 757: Ovis pattern (ratio=47.4:1)
V18_E18,,,V18_E18.txt,Bovidae,15152507.0,2169.292340730136,6985,0.0359316755871918,1.1122778240616786,68.84747270886805,7475985.0,9208344.6,0.8118706808604882,3723.0,REVIEW,1,Young/Fetal,,Bovidae,0.5,Low,COL3A1 and hydroxylation patterns ambiguous; Diagnostic masses inconclusive - family level only
V18_G14,1.0,,V18_G14.txt,Goat,19259298.0,2895.264281419122,6652,0.0189936338732563,1.0727188894674653,69.6988045442527,14792493.0,11701081.6,1.2641987728724156,2176.0,REVIEW,1,Young/Fetal,,Goat,0.85,High,ɑ2 757: Capra pattern dominant (ratio=6.1:1)
V18_G4,,,V18_G4.txt,Bovidae,14917900.0,5562.229679343774,2682,-0.7342893879852386,1.210451922823653,68.7269494348551,27048765.0,5491032.3,4.925989053096628,398.0,REVIEW,1,Young/Fetal,,Bovidae,0.4,Low,No COL3A1 or hydroxylation markers found; Diagnostic masses inconclusive - family level only
V19_J13,1.0,1.0,V19_J13.txt,Sheep,20954461.0,2615.7110223442764,8011,-0.0694313716969837,1.04558709613449,70.24353156437657,11886366.0,5383592.5,2.2078873911797743,3897.0,REVIEW,1,Young/Fetal,0.0,Sheep,0.8,High,ɑ1 586: Ovis/Capra dominant + ɑ2 757: Ovis (ratio=5.2:1)
V19_J23,1.0,1.0,V19_J23.txt,Sheep,24957336.0,2986.756342747726,8356,0.4618783042329882,1.0694425624198975,69.42623090547065,6659100.0,13117556.4,0.5076479030804854,4504.0,REVIEW,1,Young/Fetal,0.0,Sheep,0.8,High,ɑ1 586: Ovis/Capra dominant + ɑ2 757: Ovis (ratio=3.0:1)
V19_J3,1.0,1.0,V19_J3.txt,Sheep,11463336.0,2239.807737397421,5118,-0.1570965176174046,1.1188533071541409,69.23616977239996,9377361.0,4136516.8,2.26697036501822,2861.0,REVIEW,1,Young/Fetal,0.0,Sheep,0.8,High,ɑ1 586: Ovis/Capra dominant + ɑ2 757: Ovis (ratio=5.5:1)
V21_E19,1.0,,V21_E19.txt,Sheep,18791224.0,2883.416295841645,6517,0.103048534914297,1.180659466257665,68.34295330835451,19586475.0,6476316.600000001,3.024323270421956,2861.0,REVIEW,1,Young/Fetal,,Sheep,0.8,High,ɑ1 586: Ovis/Capra dominant + ɑ2 757: Ovis (ratio=22.2:1)
V21_G15,,,V21_G15.txt,Sheep,49197640.0,3925.1348332535504,12534,-0.004325965564074,0.8420755796248888,71.37324383936846,23982156.0,17983223.7,1.333584923375001,6044.0,REVIEW,1,Young/Fetal,,Sheep,0.8,High,ɑ1 586: Ovis/Capra dominant + ɑ2 757: Ovis (ratio=12.5:1)
V21_G5,,,V21_G5.txt,Sheep,24612336.0,3278.584787531637,7507,-0.0132696361885233,1.0656506496472706,69.69733050880976,19964583.0,10702149.9,1.8654740576937725,3460.0,PASS,1,Young/Fetal,,Sheep,0.8,High,ɑ1 586: Ovis/Capra dominant + ɑ2 757: Ovis (ratio=17.7:1)
V22_J14,1.0,,V22_J14.txt,Sheep,25852824.0,4551.553521126761,5680,0.055642022773258,1.1831407630025363,68.17410689741965,15300762.0,6370520.0,2.4018073877799613,3722.0,REVIEW,1,Young/Fetal,,Sheep,0.8,High,ɑ1 586: Ovis/Capra dominant + ɑ2 757: Ovis (ratio=7.3:1)
V22_J24,1.0,,V22_J24.txt,Sheep,11833877.0,1907.7667257778492,6203,-0.0839490298836505,1.1203168632458158,68.73964788237667,12424779.0,4827239.3,2.573889179266501,2217.0,REVIEW,1,Young/Fetal,,Sheep,0.8,High,ɑ1 586: Ovis/Capra dominant + ɑ2 757: Ovis (ratio=12.2:1)
V22_J4,1.0,,V22_J4.txt,Sheep,59895356.0,7796.844051028378,7682,0.0413479635329983,1.0228007436190192,70.2280410353693,22041531.0,38485930.6,0.5727165916575238,3455.0,REVIEW,1,Young/Fetal,,Sheep,0.8,High,ɑ1 586: Ovis/Capra dominant + ɑ2 757: Ovis (ratio=6.0:1)
V25_E20,1.0,,V25_E20.txt,Sheep,14970378.0,4104.847271730189,3647,-0.1443443087198567,1.5125611170376794,64.9842973144732,26411064.0,4196925.2,6.292955614267321,1070.0,REVIEW,1,Young/Fetal,,Sheep,0.9,High,ɑ1 586: Ovis/Capra + ɑ2 757: Ovis pattern (ratio=15.3:1)
V25_G16,1.0,,V25_G16.txt,Sheep,35608044.0,8435.926083866383,4221,0.0531212595366434,1.354328916380858,66.71760971247757,13386624.0,33551256.700000003,0.3989902411017587,1756.0,REVIEW,1,Young/Fetal,,Sheep,0.8,High,ɑ1 586: Ovis/Capra dominant + ɑ2 757: Ovis (ratio=8.8:1)
V25_G6,1.0,,V25_G6.txt,Sheep,18840419.0,3191.6684736574625,5903,-0.0894036941155901,1.2029758883250186,68.69424933343481,16044588.0,13632196.5,1.1769627880584028,908.0,REVIEW,1,Young/Fetal,,Sheep,0.9,High,ɑ1 586: Ovis/Capra + ɑ2 757: Ovis pattern (ratio=7.5:1)
V26_J15,1.0,,V26_J15.txt,Sheep,13569137.0,2345.978042876902,5784,0.0118860407588618,1.162750501859935,68.60051391195475,16144053.0,6139302.0,2.6296235304925544,1748.0,REVIEW,1,Young/Fetal,,Sheep,0.8,High,ɑ1 586: Ovis/Capra dominant + ɑ2 757: Ovis (ratio=4.2:1)
V26_J5,1.0,,V26_J5.txt,Sheep/Goat,25310538.0,2582.971527706909,9799,0.1774113266586208,0.9936405547371062,69.81453297418366,28316508.0,13623606.1,2.078488455417101,2186.0,PASS,1,Young/Fetal,,Sheep/Goat,0.6,Low,"ɑ1 586: Ovis/Capra, ɑ2 757 ambiguous"
V26_K1,1.0,,V26_K1.txt,Sheep,14933710.0,2344.7495682210706,6369,-0.1549447953025473,1.1361639338220144,68.2438913229266,21549558.0,3905263.7,5.518080123501007,1934.0,REVIEW,1,Young/Fetal,,Sheep,0.8,High,ɑ1 586: Ovis/Capra dominant + ɑ2 757: Ovis (ratio=2.4:1)
V28_J16,1.0,,V28_J16.txt,Calf,28992969.0,2936.2942070083045,9874,0.1826517497589629,1.043456038876165,70.99185521002822,6929322.0,11102759.2,0.6241081045871912,6249.0,REVIEW,1,Young/Fetal,,Calf,0.8,High,ɑ1 586: Bos dominant (ratio=3.1:1)
V28_J6,1.0,,V28_J6.txt,Sheep,15022216.0,2920.905308185884,5143,0.0497272593146559,1.2313298132717416,67.83931432007782,16714842.0,6919312.4,2.4156796273571923,1858.0,REVIEW,1,Young/Fetal,,Sheep,0.9,High,ɑ1 586: Ovis/Capra + ɑ2 757: Ovis pattern (ratio=8.2:1)
V28_K2,1.0,,V28_K2.txt,Sheep,10309618.0,2330.3838155515373,4424,0.2039919534288604,1.451621141428011,66.201647273652,14001297.0,3159306.8000000003,4.431762372682513,1756.0,REVIEW,1,Young/Fetal,,Sheep,0.9,High,ɑ1 586: Ovis/Capra + ɑ2 757: Ovis pattern (ratio=15.5:1)
V2_C13,1.0,,V2_C13.txt,Goat,17920138.0,2788.692499221911,6426,-0.064002990425391,1.1849777398580548,69.16525432420508,13371339.0,10581626.9,1.2636373523999411,2547.0,REVIEW,1,Young/Fetal,,Goat,0.85,High,ɑ2 757: Capra pattern dominant (ratio=4.9:1)
V2_C24,1.0,,V2_C24.txt,Goat,30713929.0,3498.9666210982,8778,0.0274918230056767,0.9768387409250936,70.6341399906736,21791493.0,18033597.4,1.208383026228588,3362.0,REVIEW,1,Young/Fetal,,Goat,0.85,High,ɑ2 757: Capra pattern dominant (ratio=25.3:1)
V2_E10,1.0,,V2_E10.txt,Sheep,25201351.0,3293.002874689664,7653,-0.1080011972970682,1.034992412666087,70.20334204432754,25477443.0,7138385.8,3.5690762188841068,3743.0,REVIEW,1,Young/Fetal,,Sheep,0.8,High,ɑ1 586: Ovis/Capra dominant + ɑ2 757: Ovis (ratio=9.5:1)
V30_J17,1.0,,V30_J17.txt,Sheep,25484481.0,2556.6293138041733,9968,0.1366074790845765,0.9128691451850196,70.48232333108415,24741132.0,11996676.9,2.062332111319927,2802.0,PASS,1,Young/Fetal,,Sheep,0.9,High,ɑ1 586: Ovis/Capra + ɑ2 757: Ovis pattern (ratio=7.7:1)
V30_J7,1.0,,V30_J7.txt,Sheep,65679502.0,5401.719055843409,12159,0.0124010149960012,0.8522790509296684,71.37926444532734,22533120.0,47951827.3,0.4699116023050908,5227.0,REVIEW,1,Young/Fetal,,Sheep,0.8,High,ɑ1 586: Ovis/Capra dominant + ɑ2 757: Ovis (ratio=3.4:1)
V30_K3,1.0,,V30_K3.txt,Sheep,47668746.0,4356.094855158549,10943,0.0175981882942701,0.9269128603333124,71.45554246006999,14693772.0,11553396.4,1.2718140615343208,6189.0,REVIEW,1,Young/Fetal,,Sheep,0.8,High,ɑ1 586: Ovis/Capra dominant + ɑ2 757: Ovis (ratio=8.0:1)
V36_E21,1.0,,V36_E21.txt,Sheep,22446685.0,2266.1973750631,9905,-0.1118477788511386,0.8743721415816167,70.75120262874,20439276.0,10927400.9,1.8704608888285597,3045.0,PASS,1,Young/Fetal,,Sheep,0.8,High,ɑ1 586: Ovis/Capra dominant + ɑ2 757: Ovis (ratio=2.2:1)
V36_G17,1.0,,V36_G17.txt,Sheep,13041479.0,1632.0208985108247,7991,0.3326148992579272,1.1957630585098895,68.34492679629358,3425616.0,4833747.100000001,0.7086874693961543,6240.0,REVIEW,1,Young/Fetal,,Sheep,0.9,High,ɑ1 586: Ovis/Capra + ɑ2 757: Ovis pattern (ratio=2.0:1)
V36_G7,1.0,,V36_G7.txt,Sheep,10658949.0,2263.0464968152864,4710,-0.1084924019024526,1.1716930956918232,68.7074881512899,9013011.0,7292886.9,1.2358632628733073,922.0,REVIEW,1,Young/Fetal,,Sheep,0.8,High,ɑ1 586: Ovis/Capra dominant + ɑ2 757: Ovis (ratio=2.1:1)
V3_C14,,,V3_C14.txt,Sheep,29755345.0,2884.38784412563,10316,-0.0238892437838133,0.8932316936065947,71.07549183005996,32866065.0,10584939.3,3.1049837952306443,2752.0,REVIEW,1,Young/Fetal,,Sheep,0.8,High,ɑ1 586: Ovis/Capra dominant + ɑ2 757: Ovis (ratio=22.8:1)
V3_E1,,,V3_E1.txt,Sheep,12730465.0,3316.0888252149,3839,-0.0761514827704271,1.3952555189268634,65.74791972869043,8520360.0,9689514.9,0.8793381390021909,855.0,REVIEW,1,Young/Fetal,,Sheep,0.8,High,ɑ1 586: Ovis/Capra dominant + ɑ2 757: Ovis (ratio=24.3:1)
V3_E11,,,V3_E11.txt,Sheep,14007179.0,4407.545311516677,3178,-0.1089098757121136,1.6007247885771168,62.95765350921868,9281070.0,8789159.6,1.0559678538548782,1629.0,REVIEW,1,Young/Fetal,,Sheep,0.8,High,ɑ1 586: Ovis/Capra dominant + ɑ2 757: Ovis (ratio=56.7:1)
V45_E22,1.0,,V45_E22.txt,Sheep,18867676.0,2672.475354107649,7060,-0.0242253550894305,1.083971937331569,69.51420068374989,9824706.0,11482403.4,0.8556314961029848,2493.0,REVIEW,1,Young/Fetal,,Sheep,0.8,High,ɑ1 586: Ovis/Capra dominant + ɑ2 757: Ovis (ratio=2.2:1)
V45_G18,,,V45_G18.txt,Sheep,24987213.0,2781.9208416833667,8982,0.0192863687365122,0.9325830793890808,70.91492962391249,17168268.0,13526373.9,1.2692439324037907,3132.0,REVIEW,1,Young/Fetal,,Sheep,0.8,High,ɑ1 586: Ovis/Capra dominant + ɑ2 757: Ovis (ratio=2.2:1)
V45_G8,1.0,,V45_G8.txt,Sheep,16913719.0,2912.6431892543483,5807,0.0199052505681806,1.146320943220302,69.2007373436275,5157552.0,12048761.4,0.4280566133544647,3276.0,REVIEW,1,Young/Fetal,,Sheep,0.8,High,ɑ1 586: Ovis/Capra dominant + ɑ2 757: Ovis (ratio=4.0:1)
V52_E23,1.0,,V52_E23.txt,Sheep/Goat,23339058.0,3519.6890363444427,6631,0.0349804614260563,1.030033448567951,70.3075879569441,8246955.0,12247492.4,0.6733586542172502,3165.0,REVIEW,1,Young/Fetal,,Sheep/Goat,0.6,Low,"ɑ1 586: Ovis/Capra, ɑ2 757 ambiguous"
V52_G19,1.0,,V52_G19.txt,Goat,24561986.0,2994.268682189443,8203,-0.0152902655896764,0.8660017765666665,71.17617643553727,9520122.0,16209939.2,0.5873015242401403,3107.0,REVIEW,1,Young/Fetal,,Goat,0.8,High,ɑ1 586: Ovis/Capra dominant + ɑ2 757: Capra (ratio=2.2:1)
V52_G9,1.0,,V52_G9.txt,Goat,21644320.0,2909.573867455303,7439,0.1028400237960452,0.9884328580688724,70.06528290056085,15236955.0,10476358.1,1.4544133423617889,3054.0,REVIEW,1,Young/Fetal,,Goat,0.8,High,ɑ1 586: Ovis/Capra dominant + ɑ2 757: Capra (ratio=2.5:1)
V56_E24,1.0,,V56_E24.txt,Sheep,21338461.0,3535.1989728296885,6036,-0.0808761873175771,1.1886590530042858,68.34786228789652,32097189.0,7624139.9,4.209942291326527,1759.0,REVIEW,1,Young/Fetal,,Sheep,0.8,High,ɑ1 586: Ovis/Capra dominant + ɑ2 757: Ovis (ratio=8.2:1)
V56_G10,1.0,,V56_G10.txt,Sheep,17739969.0,3607.151077673851,4918,0.0069386733009868,1.3761299978006691,65.90095343625329,14460405.0,8935474.6,1.6183141519981492,2251.0,REVIEW,1,Young/Fetal,,Sheep,0.8,High,ɑ1 586: Ovis/Capra dominant + ɑ2 757: Ovis (ratio=5.1:1)
V56_G20,1.0,,V56_G20.txt,Sheep,27049431.0,2377.344963965548,11378,-0.1562921590069216,0.8567328230752047,70.77953903880983,26409258.0,13066751.1,2.0211036238380635,3412.0,PASS,1,Young/Fetal,,Sheep,0.8,High,ɑ1 586: Ovis/Capra dominant + ɑ2 757: Ovis (ratio=9.5:1)
V59_G21,1.0,,V59_G21.txt,Sheep,17527667.0,2761.5671971009924,6347,-0.1056685776899161,1.1971088123016096,68.59808854339066,6224814.0,7576101.0,0.8216382014970497,2611.0,REVIEW,1,Young/Fetal,,Sheep,0.8,High,ɑ1 586: Ovis/Capra dominant + ɑ2 757: Ovis (ratio=14.8:1)
V59_H17,,,V59_H17.txt,Sheep,20467017.0,2886.744287729196,7090,0.0371394476429641,1.095895907651503,69.50816225856944,12650850.0,7879478.100000001,1.6055441539966966,1142.0,REVIEW,1,Young/Fetal,,Sheep,0.8,High,ɑ1 586: Ovis/Capra dominant + ɑ2 757: Ovis (ratio=20.3:1)
V59_H7,1.0,,V59_H7.txt,Sheep,20106203.0,2447.2009493670885,8216,-0.0269314703638257,1.024126645931896,69.76309728661106,9799305.0,11834196.4,0.8280498876966416,3348.0,REVIEW,1,Young/Fetal,,Sheep,0.8,High,ɑ1 586: Ovis/Capra dominant + ɑ2 757: Ovis (ratio=27.0:1)
V61_C12,,,V61_C12.txt,Sheep/Goat,15372462.0,2471.0596367143544,6221,-0.0204802162519251,1.2026955848842162,68.27086633737846,13375368.0,7429704.100000001,1.8002558136871156,1875.0,PASS,1,Young/Fetal,,Sheep/Goat,0.6,Low,"ɑ1 586: Ovis/Capra, ɑ2 757 ambiguous"
V61_C22,,,V61_C22.txt,Sheep,10069355.0,2804.83426183844,3590,-0.0405828178821289,1.55461307368662,63.95619393292843,6557859.0,5507056.100000001,1.1908102770189684,1245.0,REVIEW,1,Young/Fetal,,Sheep,0.8,High,ɑ1 586: Ovis/Capra dominant + ɑ2 757: Ovis (ratio=17.4:1)
V61_E9,,,V61_E9.txt,Sheep,34930726.0,4014.564532812321,8701,-0.1012232817637441,1.0341150397066496,69.78039362401125,18618513.0,27201787.6,0.6844591713524003,2264.0,REVIEW,1,Young/Fetal,,Sheep,0.8,High,ɑ1 586: Ovis/Capra dominant + ɑ2 757: Ovis (ratio=14.5:1)
V65_A1,,,V65_A1.txt,Goat,30381499.0,5037.555795058863,6031,-0.0329815768097655,1.2818455933022566,67.66671167477398,25253898.0,21801054.6,1.1583796501294024,1418.0,REVIEW,1,Young/Fetal,,Goat,0.85,High,ɑ2 757: Capra pattern dominant (ratio=3.4:1)
V65_A11,,,V65_A11.txt,Sheep,21158123.0,4966.695539906104,4260,0.0185829052443432,1.495293037805583,65.79382603571351,12449340.0,17465180.2,0.7128091355163917,643.0,REVIEW,1,Young/Fetal,,Sheep,0.8,High,ɑ1 586: Ovis/Capra dominant + ɑ2 757: Ovis (ratio=6.9:1)
V65_A21,,,V65_A21.txt,Sheep,23565251.0,3414.7588755252864,6901,-0.0371105657664936,1.119026852509947,69.15749334199036,13911909.0,12385636.9,1.123229197846095,3788.0,REVIEW,1,Young/Fetal,,Sheep,0.8,High,ɑ1 586: Ovis/Capra dominant + ɑ2 757: Ovis (ratio=10.0:1)
V66_G22,,,V66_G22.txt,Sheep,35095718.0,2775.462079873468,12645,0.2343306048655508,1.1242686201405467,70.11998587853923,45932796.0,12018243.9,3.8219224357728336,4973.0,REVIEW,1,Young/Fetal,,Sheep,0.8,High,ɑ1 586: Ovis/Capra dominant + ɑ2 757: Ovis (ratio=20.8:1)
V66_H18,1.0,,V66_H18.txt,Sheep,37278046.0,2902.144492020241,12845,0.4474233200786416,1.36849293675319,68.63045777418235,64056693.0,13430600.3,4.769458666713505,2760.0,REVIEW,1,Young/Fetal,,Sheep,0.8,High,ɑ1 586: Ovis/Capra dominant + ɑ2 757: Ovis (ratio=18.4:1)
V66_H8,,,V66_H8.txt,Bovidae,3231880.0,2762.290598290598,1170,-0.0681159128137036,1.3817149846058971,66.81563332857314,26436.0,130689.0,0.2022817528636687,1109.0,REVIEW,1,Young/Fetal,,Bovidae,0.4,Low,No COL3A1 or hydroxylation markers found; Diagnostic masses inconclusive - family level only
V67_G23,1.0,,V67_G23.txt,Sheep/Goat,9064575.0,2578.093003412969,3516,-0.1064797361443661,1.3996008671185165,66.44586138633028,3682080.0,5516669.600000001,0.6674461707839091,1847.0,REVIEW,1,Young/Fetal,,Sheep/Goat,0.6,Low,"ɑ1 586: Ovis/Capra, ɑ2 757 ambiguous"
V67_H19,1.0,,V67_H19.txt,Sheep/Goat,13610463.0,3261.553558590942,4173,-0.0128677511389047,1.3114484323852842,67.74108475593442,9114576.0,5134173.2,1.7752762995997096,2533.0,REVIEW,1,Young/Fetal,,Sheep/Goat,0.6,Low,"ɑ2 757 ambiguous: Ovis=35668, Capra=48918"
V67_H9,1.0,,V67_H9.txt,Sheep/Goat,11857799.0,2666.4715538565324,4447,0.0358160984796444,1.277034739424697,67.66657637010167,6805443.0,6673308.2,1.019800494153709,2016.0,REVIEW,1,Young/Fetal,,Sheep/Goat,0.6,Low,"ɑ1 586: Ovis/Capra, ɑ2 757 ambiguous"
V6_C15,,,V6_C15.txt,Sheep,22847239.0,2660.058097566655,8589,-0.0398192411585478,0.999358160104494,70.18170214293387,14879346.0,15799200.3,0.9417784265954272,2585.0,REVIEW,1,Young/Fetal,,Sheep,0.8,High,ɑ1 586: Ovis/Capra dominant + ɑ2 757: Ovis (ratio=18.1:1)
V6_E12,,,V6_E12.txt,Sheep,21869291.0,3340.352986100504,6547,-0.0304793722127378,1.1170881224247136,69.08018450949548,15471453.0,13660592.4,1.13256091295133,2128.0,REVIEW,1,Young/Fetal,,Sheep,0.8,High,ɑ1 586: Ovis/Capra dominant + ɑ2 757: Ovis (ratio=12.3:1)
V6_E2,,,V6_E2.txt,Sheep,18074526.0,4140.784879725086,4365,-0.0314498570978167,1.4139527964581156,65.63695220049705,10988571.0,10738349.7,1.023301653139495,1776.0,REVIEW,1,Young/Fetal,,Sheep,0.8,High,ɑ1 586: Ovis/Capra dominant + ɑ2 757: Ovis (ratio=16.3:1)
V70_G24,,,V70_G24.txt,Goat,27716099.0,4047.91865050387,6847,-0.0777999013205886,1.1179292023464786,69.36157647355253,16319805.0,17779152.3,0.917918060694041,2062.0,REVIEW,1,Young/Fetal,,Goat,0.85,High,ɑ2 757: Capra pattern dominant (ratio=18.6:1)
V70_H10,,,V70_H10.txt,Goat,21311144.0,4858.901960784314,4386,-0.0081758766146825,1.3471717849074245,66.47526601117625,15167778.0,17435208.7,0.8699510433735158,658.0,REVIEW,1,Young/Fetal,,Goat,0.85,High,ɑ2 757: Capra pattern dominant (ratio=17.2:1)
V70_H20,,,V70_H20.txt,Goat,15372192.0,3859.4506653276426,3983,-0.1042600687562505,1.4588128933016662,65.2850130331316,6676263.0,12359578.4,0.5401691533426415,633.0,REVIEW,1,Young/Fetal,,Goat,0.85,High,ɑ2 757: Capra pattern dominant (ratio=12.8:1)
V73_H1,1.0,,V73_H1.txt,Sheep,35404547.0,3862.5951341915775,9166,-0.0083872176241476,0.9373296501579448,70.30891843401282,17746404.0,12136575.1,1.4622250390886635,3461.0,REVIEW,1,Young/Fetal,,Sheep,0.8,High,ɑ1 586: Ovis/Capra dominant + ɑ2 757: Ovis (ratio=14.0:1)
V73_H11,1.0,,V73_H11.txt,Sheep,24248987.0,3030.7445319335084,8001,0.0460561567528912,1.0003014037640854,70.25614374349108,19253172.0,12632557.6,1.5240913684810746,2614.0,REVIEW,1,Young/Fetal,,Sheep,0.8,High,ɑ1 586: Ovis/Capra dominant + ɑ2 757: Ovis (ratio=11.6:1)
V73_H21,1.0,,V73_H21.txt,Sheep,25829937.0,3204.3092668403424,8061,0.0409605949530442,0.9811249359296426,70.07342737195737,16060044.0,7557449.9,2.125061259089524,4402.0,PASS,1,Young/Fetal,,Sheep,0.8,High,ɑ1 586: Ovis/Capra dominant + ɑ2 757: Ovis (ratio=42.0:1)
V75_H12,,,V75_H12.txt,Sheep,40345055.0,5280.766361256545,7640,-0.2755479402163965,1.3524132279117236,68.21983858427453,60306633.0,17077604.7,3.531328547498233,1694.0,REVIEW,1,Young/Fetal,,Sheep,0.8,High,ɑ1 586: Ovis/Capra dominant + ɑ2 757: Ovis (ratio=21436.0:1)
V75_H2,1.0,,V75_H2.txt,Goat,42782212.0,3697.365136980382,11571,-0.0141134014318855,0.8807635948067334,71.2057421147718,20208678.0,8870927.0,2.278079618962032,6334.0,REVIEW,1,Young/Fetal,,Goat,0.9,High,ɑ2 757: Capra pattern detected (3077/3093 signal=3624)
V75_H22,1.0,,V75_H22.txt,Sheep/Goat,30127168.0,2565.979729154246,11741,0.1115358735546086,1.0339568694598789,70.8280146107539,29993979.0,11169663.7,2.685307257728806,4895.0,REVIEW,1,Young/Fetal,,Sheep/Goat,0.6,Low,"ɑ2 757 ambiguous: Ovis=0, Capra=0"
V76_A12,1.0,1.0,V76_A12.txt,Sheep,19188183.0,5297.676145775815,3622,-0.1288190902677132,1.3757618049451363,66.16434400027514,12023814.0,12757427.8,0.942495163484288,1217.0,REVIEW,1,Young/Fetal,0.0,Sheep,0.8,High,ɑ1 586: Ovis/Capra dominant + ɑ2 757: Ovis (ratio=2.2:1)
V76_A2,1.0,1.0,V76_A2.txt,Sheep,23932535.0,3791.592997465146,6312,-0.1133267541519211,1.0350182821809708,69.83943909453427,19804434.0,10333663.6,1.916496875319224,2812.0,PASS,1,Young/Fetal,0.0,Sheep,0.8,High,ɑ1 586: Ovis/Capra dominant + ɑ2 757: Ovis (ratio=2.2:1)
V76_A22,1.0,1.0,V76_A22.txt,Sheep,26278606.0,2899.54827319872,9063,0.0077249713148959,0.9194762619852532,70.5926931494656,21746781.0,10381148.7,2.094833782700752,3946.0,PASS,1,Young/Fetal,0.0,Sheep,0.9,High,ɑ1 586: Ovis/Capra + ɑ2 757: Ovis pattern (ratio=3.4:1)
V77_A13,1.0,0.9507696922791248,V77_A13.txt,Sheep,65911440.0,11547.20392431675,5708,-0.1038810860991244,1.1770267949185482,68.4693677885897,13532343.0,16965397.8,0.7976437192648674,2141.0,REVIEW,1,Young/Fetal,0.0492303077208752,Sheep,0.8,High,ɑ1 586: Ovis/Capra dominant + ɑ2 757: Ovis (ratio=2.1:1)
V77_A23,1.0,,V77_A23.txt,Sheep,21815091.0,3262.313593539704,6687,-0.0708663791371667,1.1075334804976045,68.8422593235559,16167027.0,11703094.0,1.3814318675044397,2058.0,REVIEW,1,Young/Fetal,,Sheep,0.8,High,ɑ1 586: Ovis/Capra dominant + ɑ2 757: Ovis (ratio=2.2:1)
V77_A3,1.0,1.0,V77_A3.txt,Sheep/Goat,33659622.0,6180.613661402865,5446,-0.0861820336184183,1.1895734103221791,67.75241858537309,32738616.0,13965978.0,2.344169237557155,2472.0,REVIEW,1,Young/Fetal,0.0,Sheep/Goat,0.6,Low,"ɑ1 586: Ovis/Capra, ɑ2 757 ambiguous"
V79_A14,,,V79_A14.txt,Sheep,39939939.0,4693.294829612221,8510,-0.0878046277111928,1.050165778654483,69.78542458454828,44448204.0,18254185.3,2.434959614439764,3026.0,REVIEW,1,Young/Fetal,,Sheep,0.8,High,ɑ1 586: Ovis/Capra dominant + ɑ2 757: Ovis (ratio=13.7:1)
V79_A24,,,V79_A24.txt,Sheep,33326223.0,5314.339499282411,6271,0.034068165203037,1.3022093801680097,67.5352632558929,20444151.0,17486160.900000002,1.1691617798164031,2067.0,REVIEW,1,Young/Fetal,,Sheep,0.8,High,ɑ1 586: Ovis/Capra dominant + ɑ2 757: Ovis (ratio=13.1:1)
V79_A4,1.0,1.0,V79_A4.txt,Sheep,37298867.0,7036.194491605357,5301,-0.0329743796469561,1.2696512525785653,67.23162765210584,61425495.0,10082376.2,6.092362929286451,1796.0,REVIEW,1,Young/Fetal,0.0,Sheep,0.8,High,ɑ1 586: Ovis/Capra dominant + ɑ2 757: Ovis (ratio=14.6:1)
V7_C16,1.0,,V7_C16.txt,Sheep,32693241.0,3844.0024691358026,8505,0.0873047909632768,1.1059776819053873,69.31379263751414,12875391.0,22441231.8,0.5737381581700876,4084.0,REVIEW,1,Young/Fetal,,Sheep,0.8,High,ɑ1 586: Ovis/Capra dominant + ɑ2 757: Ovis (ratio=28.4:1)
V7_E13,,1.0,V7_E13.txt,Sheep,39647044.0,4340.600394131815,9134,0.0924242022060358,1.054617694462472,69.54129175923352,31315332.0,27657394.7,1.1322589253137427,2270.0,REVIEW,1,Young/Fetal,,Sheep,0.9,High,ɑ1 586: Ovis/Capra + ɑ2 757: Ovis pattern (ratio=562.9:1)
V7_E3,,,V7_E3.txt,Sheep,31420080.0,3261.374299356446,9634,0.1131629830070726,1.059908671867983,69.80306638918748,22708761.0,19021412.8,1.1938524881811092,3521.0,REVIEW,1,Young/Fetal,,Sheep,0.9,High,ɑ1 586: Ovis/Capra + ɑ2 757: Ovis pattern (ratio=33.4:1)
V80_H13,1.0,1.0,V80_H13.txt,Goat,47721266.0,3580.258534023558,13329,-0.0170632386770083,0.8454083228602197,71.08060804132046,37637907.0,28683426.2,1.3121830961741945,4930.0,REVIEW,1,Young/Fetal,0.0,Goat,0.85,High,ɑ2 757: Capra pattern dominant (ratio=4.1:1)
V80_H23,1.0,1.0,V80_H23.txt,Goat,61276945.0,3979.28079745438,15399,-0.0749414377525813,0.7383751407293926,72.2463834056305,50664075.0,21243001.0,2.3849772920502144,3850.0,REVIEW,1,Young/Fetal,0.0,Goat,0.85,High,ɑ2 757: Capra pattern dominant (ratio=3.7:1)
V80_H3,1.0,1.0,V80_H3.txt,Goat,25192326.0,5600.783903957315,4498,-0.1122955536294029,1.23948416538125,67.56936242503936,13035480.0,14929989.1,0.8731071344184705,2500.0,REVIEW,1,Young/Fetal,0.0,Goat,0.85,High,ɑ2 757: Capra pattern dominant (ratio=4.1:1)
V81_H14,1.0,1.0,V81_H14.txt,Goat,29283810.0,2588.738507779349,11312,-0.0505113430973311,0.860937233648199,71.4532103188081,10742514.0,20026368.7,0.5364184671183049,3582.0,REVIEW,1,Young/Fetal,0.0,Goat,0.85,High,ɑ2 757: Capra pattern dominant (ratio=5.8:1)
V81_H24,1.0,1.0,V81_H24.txt,Goat,11343188.0,2992.136111843841,3791,0.0469102364030926,1.3032750565804136,66.60035755338222,12809502.0,6392518.600000001,2.003827098758852,619.0,PASS,1,Young/Fetal,0.0,Goat,0.85,High,ɑ2 757: Capra pattern dominant (ratio=10.9:1)
V81_H4,1.0,1.0,V81_H4.txt,Goat,14058928.0,3602.082500640533,3903,0.1995784133457276,1.4087006343498905,66.18681879319654,16223211.0,5737273.100000001,2.8276867280380986,1299.0,REVIEW,1,Young/Fetal,0.0,Goat,0.85,High,ɑ2 757: Capra pattern dominant (ratio=12.1:1)
V82_J18,1.0,,V82_J18.txt,Sheep/Goat,34714642.0,5209.280012004802,6664,0.0654014834748978,1.0477708957080418,69.9504099344358,76260402.0,4998706.7,15.256026523820651,2956.0,REVIEW,1,Young/Fetal,,Sheep/Goat,0.6,Low,"ɑ2 757 ambiguous: Ovis=47353, Capra=38481"
V82_J8,1.0,1.0,V82_J8.txt,Sheep/Goat,46175425.0,6142.799654117334,7517,-0.035809246053357,0.967614845087421,70.56523037547436,16421388.0,34612749.6,0.4744317683446911,4141.0,REVIEW,1,Young/Fetal,0.0,Sheep/Goat,0.6,Low,"ɑ1 586: Ovis/Capra, ɑ2 757 ambiguous"
V82_K4,1.0,0.950769692279125,V82_K4.txt,Sheep/Goat,43629179.0,5846.847896006432,7462,-0.0009422757838304,0.97354663986185,70.5582738061433,32435286.0,23956125.7,1.3539453919295472,2096.0,REVIEW,1,Young/Fetal,0.049230307720875,Sheep/Goat,0.6,Low,"ɑ1 586: Ovis/Capra, ɑ2 757 ambiguous"
V83_A15,0.6666666666666666,1.0,V83_A15.txt,Sheep,35335736.0,5503.151534028967,6421,-0.0054254868516504,1.0338657104128444,69.59675362083713,10901730.0,26633479.6,0.4093242852128116,2921.0,REVIEW,1,Young/Fetal,0.3333333333333333,Sheep,0.8,High,ɑ1 586: Ovis/Capra dominant + ɑ2 757: Ovis (ratio=7.7:1)
V83_A5,1.0,1.0,V83_A5.txt,Goat,34358106.0,3881.833239182013,8851,0.0372143615276603,0.9057643830665656,71.01265390331545,31301019.0,18494145.8,1.6924825476394805,3177.0,REVIEW,1,Young/Fetal,0.0,Goat,0.85,High,ɑ2 757: Capra pattern dominant (ratio=3.2:1)
V83_C1,1.0,0.5,V83_C1.txt,Sheep,25688028.0,3668.670094258783,7002,0.0098048477470632,1.047460274370692,69.84428274589301,11880834.0,18441803.9,0.6442338322445776,2154.0,REVIEW,1,Young/Fetal,0.5,Sheep,0.8,High,ɑ1 586: Ovis/Capra dominant + ɑ2 757: Ovis (ratio=8.8:1)
V84_A16,1.0,,V84_A16.txt,Sheep,131547951.0,7986.15535454104,16472,0.1728465892381274,1.3332294241128395,68.73919156598518,111737901.0,89547461.9,1.2478064551375072,5899.0,REVIEW,1,Young/Fetal,,Sheep,0.8,High,ɑ1 586: Ovis/Capra dominant + ɑ2 757: Ovis (ratio=176.9:1)
V84_A6,1.0,,V84_A6.txt,Bovidae,5054983.0,4733.130149812734,1068,-0.322865198500258,1.4370766921618248,67.94301161713713,1172382.0,610870.0,1.9192004845548152,442.0,PASS,1,Young/Fetal,,Bovidae,0.4,Low,No COL3A1 or hydroxylation markers found; Diagnostic masses inconclusive - family level only
V84_C3,1.0,,V84_C3.txt,Bovidae,4844699.0,6399.866578599736,757,0.5294866113028267,2.0163471955934247,64.7259874813558,5646348.0,315831.10000000003,17.877745415191853,305.0,REVIEW,1,Young/Fetal,,Bovidae,0.4,Low,No COL3A1 or hydroxylation markers found; Diagnostic masses inconclusive - family level only
V87_J19,1.0,,V87_J19.txt,Sheep,10269270.0,3924.061902942301,2617,0.4185767828752786,1.8484870411855512,61.42290441561451,4499397.0,5202220.4,0.8648993418271935,1621.0,REVIEW,1,Young/Fetal,,Sheep,0.9,High,ɑ1 586: Ovis/Capra + ɑ2 757: Ovis pattern (ratio=7.0:1)
V87_J9,1.0,,V87_J9.txt,Sheep,21548217.0,3506.626037428804,6145,0.641987550215131,1.3581548297977315,66.72550362155012,25605621.0,11545313.0,2.217836883244309,1604.0,REVIEW,1,Young/Fetal,,Sheep,0.9,High,ɑ1 586: Ovis/Capra + ɑ2 757: Ovis pattern (ratio=15.1:1)
V87_K5,1.0,,V87_K5.txt,Sheep,17676137.0,3451.022452167122,5122,0.0749152528212319,1.119190924438203,69.19434013984761,17855457.0,9489339.6,1.8816332592839236,1313.0,PASS,1,Young/Fetal,,Sheep,0.9,High,ɑ1 586: Ovis/Capra + ɑ2 757: Ovis pattern (ratio=9.6:1)
V88_H15,1.0,,V88_H15.txt,Sheep/Goat,49573957.0,4893.776604146101,10130,0.000295766807898,0.8012246341361353,71.73410727808665,114361071.0,9711098.8,11.776326588295031,2221.0,REVIEW,1,Young/Fetal,,Sheep/Goat,0.6,Low,"ɑ1 586: Ovis/Capra, ɑ2 757 ambiguous"
V88_H5,1.0,,V88_H5.txt,Goat,53648965.0,5401.0837612000405,9933,0.0659244825114881,0.9222162928526884,71.15577446647957,14162361.0,37192894.7,0.3807813592954893,3779.0,REVIEW,1,Young/Fetal,,Goat,0.85,High,ɑ2 757: Capra pattern dominant (ratio=3.3:1)
V88_I1,1.0,,V88_I1.txt,Goat,26138704.0,3331.893435309114,7845,0.0329413426338776,0.9703047657880672,70.65079225217414,26055174.0,11801745.8,2.2077389601121555,2872.0,REVIEW,1,Young/Fetal,,Goat,0.85,High,ɑ2 757: Capra pattern dominant (ratio=3.8:1)
V89_A17,1.0,,V89_A17.txt,Bovidae,8633692.0,5114.746445497631,1688,-0.0713073229628294,1.2574709023350914,69.76877137282098,5475216.0,1654659.5,3.308968401051697,1042.0,REVIEW,1,Young/Fetal,,Bovidae,0.4,Low,No COL3A1 or hydroxylation markers found; Diagnostic masses inconclusive - family level only
V89_A7,1.0,,V89_A7.txt,Sheep,17790528.0,3633.686274509804,4896,-0.1950748571224348,1.4598466662121687,66.52455135931662,17606028.0,5563373.4,3.1646317322507955,2552.0,REVIEW,1,Young/Fetal,,Sheep,0.9,High,ɑ1 586: Ovis/Capra + ɑ2 757: Ovis pattern (ratio=3.2:1)
V89_C4,1.0,,V89_C4.txt,Goat,23093039.0,3032.1742384453783,7616,0.0570264570118534,1.0542976063748724,69.96250287889525,17043132.0,8461073.4,2.014299036810152,3242.0,PASS,1,Young/Fetal,,Goat,0.85,High,ɑ2 757: Capra pattern dominant (ratio=6.5:1)
V90_H16,1.0,,V90_H16.txt,Sheep/Goat,19453168.0,3660.739179525781,5314,-0.0193175234748937,1.1876717398754502,68.56744859641569,18523110.0,8759914.8,2.1145308399574843,2222.0,PASS,1,Young/Fetal,,Sheep/Goat,0.6,Low,"ɑ1 586: Ovis/Capra, ɑ2 757 ambiguous"
V90_H6,1.0,,V90_H6.txt,Sheep,30897145.0,8625.668620882188,3582,-0.1443025365803348,1.3688091837492466,66.70725525917022,50616684.0,6208693.4,8.152550100154727,1061.0,REVIEW,1,Young/Fetal,,Sheep,0.9,High,ɑ1 586: Ovis/Capra + ɑ2 757: Ovis pattern (ratio=2.1:1)
V90_I2,1.0,,V90_I2.txt,Sheep/Goat,43535700.0,5038.854166666667,8640,0.0626623163363741,1.047494116596159,70.15657855894328,17749008.0,33502150.5,0.5297871251578313,3373.0,REVIEW,1,Young/Fetal,,Sheep/Goat,0.6,Low,"ɑ1 586: Ovis/Capra, ɑ2 757 ambiguous"
V91_I10,1.0,,V91_I10.txt,Sheep/Goat,13116934.0,3928.40191674154,3339,0.0349236164198128,1.4513001122146352,65.80612768614165,7002828.0,6038123.0,1.1597690209358107,2535.0,REVIEW,1,Young/Fetal,,Sheep/Goat,0.6,Low,"ɑ2 757 ambiguous: Ovis=38250, Capra=52066"
V91_I17,1.0,,V91_I17.txt,Sheep/Goat,11542993.0,2407.297810218978,4795,0.1775805322440159,1.270940907072778,67.49327493028697,10253919.0,5081701.3,2.017812223634632,2418.0,PASS,1,Young/Fetal,,Sheep/Goat,0.6,Low,"ɑ1 586: Ovis/Capra, ɑ2 757 ambiguous"
V91_I3,1.0,,V91_I3.txt,Sheep/Goat,9693064.0,4013.6910973084887,2415,0.041187409794013,1.8228229835893857,61.47899949063788,6892623.0,3899164.1,1.7677181116845018,1628.0,REVIEW,1,Young/Fetal,,Sheep/Goat,0.6,Low,"ɑ1 586: Ovis/Capra, ɑ2 757 ambiguous"
V92_I11,1.0,1.0,V92_I11.txt,Sheep,29830371.0,3256.235236327912,9161,-0.0289433862292932,0.9262106750761402,70.56070875383739,16565937.0,8906700.4,1.8599409720798512,5286.0,PASS,1,Young/Fetal,0.0,Sheep,0.8,High,ɑ1 586: Ovis/Capra dominant + ɑ2 757: Ovis (ratio=9.5:1)
V92_I18,,1.0,V92_I18.txt,Sheep,27931208.0,2962.2662000212117,9429,-0.0511508829608873,0.9299415196940026,70.78366338408875,29568990.0,14940359.2,1.9791351468979408,2289.0,PASS,1,Young/Fetal,,Sheep,0.8,High,ɑ1 586: Ovis/Capra dominant + ɑ2 757: Ovis (ratio=9.7:1)
V92_I4,1.0,,V92_I4.txt,Sheep,24728040.0,3319.6455900120823,7449,-0.0585979656884342,1.0309636565526,69.79155061647744,28233342.0,8518680.3,3.314285899425055,2948.0,REVIEW,1,Young/Fetal,,Sheep,0.9,High,ɑ1 586: Ovis/Capra + ɑ2 757: Ovis pattern (ratio=16.8:1)
V93_A18,1.0,,V93_A18.txt,Sheep,25785594.0,3475.1474393531,7420,-0.103494048767576,1.0241528504759148,69.6683689377163,14235846.0,14218088.3,1.0012489513094387,2504.0,REVIEW,1,Young/Fetal,,Sheep,0.8,High,ɑ1 586: Ovis/Capra dominant + ɑ2 757: Ovis (ratio=17.5:1)
V93_A8,1.0,,V93_A8.txt,Sheep,24284328.0,2874.565340909091,8448,-0.1402973906939494,1.0276255947161252,69.69575149339924,14080059.0,15339812.8,0.9178768465805528,3054.0,REVIEW,1,Young/Fetal,,Sheep,0.8,High,ɑ1 586: Ovis/Capra dominant + ɑ2 757: Ovis (ratio=46.8:1)
V93_C5,1.0,,V93_C5.txt,Goat,21745110.0,2992.720891824938,7266,0.077063254855297,1.000246370466935,69.87529237284599,10663740.0,8582869.1,1.2424446738911583,4135.0,REVIEW,1,Young/Fetal,,Goat,0.85,High,ɑ2 757: Capra pattern dominant (ratio=4.3:1)
V9_C17,1.0,1.0,V9_C17.txt,Sheep,25040384.0,4178.271983981312,5993,-0.0327376307304598,1.0772217258364682,69.41869458034631,15026193.0,11780189.2,1.2755476796586591,2783.0,REVIEW,1,Young/Fetal,0.0,Sheep,0.9,High,ɑ1 586: Ovis/Capra + ɑ2 757: Ovis pattern (ratio=12.2:1)
V9_E14,1.0,0.9507696922791248,V9_E14.txt,Sheep,35638275.0,4938.7853381374725,7216,-0.0739380646062189,1.1606991210680029,69.10622876453533,60504381.0,9272094.0,6.525427913047474,2246.0,REVIEW,1,Young/Fetal,0.0492303077208752,Sheep,0.8,High,ɑ1 586: Ovis/Capra dominant + ɑ2 757: Ovis (ratio=27.2:1)
V9_E4,1.0,1.0,V9_E4.txt,Sheep,23223024.0,3178.188586287122,7307,0.007079034994654,1.0479014239099151,70.06497481796727,18532335.0,8700729.700000001,2.1299747996998457,4424.0,PASS,1,Young/Fetal,0.0,Sheep,0.8,High,ɑ1 586: Ovis/Capra dominant + ɑ2 757: Ovis (ratio=12.7:1)
VatLat_10696_K14,,,VatLat_10696_K14.txt,Sheep,17799382.0,2785.9417749256536,6389,-0.1367045837184334,1.1832076738605324,68.08279365506507,12858633.0,8754110.3,1.4688680584707734,2350.0,REVIEW,1,Young/Fetal,,Sheep,0.8,High,ɑ1 586: Ovis/Capra dominant + ɑ2 757: Ovis (ratio=65.9:1)
VatLat_10696_K19,,,VatLat_10696_K19.txt,Sheep,18909403.0,2529.68602006689,7475,-0.554503399644264,1.64189117071251,66.35431356853672,19998813.0,8678757.1,2.304340675694219,1798.0,REVIEW,1,Young/Fetal,,Sheep,0.8,High,ɑ1 586: Ovis/Capra dominant + ɑ2 757: Ovis (ratio=30.5:1)
VatLat_10696_K9,1.0,,VatLat_10696_K9.txt,Sheep,10737827.0,2818.3272965879264,3810,0.0105863192525848,1.4835267615286465,64.61534202364868,6375825.0,5130915.4,1.2426291417706867,1915.0,REVIEW,1,Young/Fetal,,Sheep,0.8,High,ɑ1 586: Ovis/Capra dominant + ɑ2 757: Ovis (ratio=93565.0:1)
regLat_316_K10,1.0,,regLat_316_K10.txt,Bovidae,17378076.0,2947.9348600508906,5895,-1.0727358663974014,1.9185607720177456,65.5776931378942,1212438.0,4544581.600000001,0.2667875960242412,4230.0,REVIEW,1,Young/Fetal,,Bovidae,0.4,Low,No COL3A1 or hydroxylation markers found; Diagnostic masses inconclusive - family level only
regLat_316_K15,,,regLat_316_K15.txt,Sheep,11249063.0,1728.763331796527,6507,0.2282161722469433,1.4678442299707977,67.68328143119136,9043104.0,7566133.9,1.1952080308808704,1327.0,REVIEW,1,Young/Fetal,,Sheep,0.8,High,ɑ1 586: Ovis/Capra dominant + ɑ2 757: Ovis (ratio=158051.0:1)
regLat_316_K20,,,regLat_316_K20.txt,Sheep,14547812.0,2497.0497768623413,5826,-0.1059297992491724,1.2334386838351354,68.06142029878241,9781620.0,9375273.7,1.0433423399681654,1849.0,REVIEW,1,Young/Fetal,,Sheep,0.9,High,ɑ1 586: Ovis/Capra + ɑ2 757: Ovis pattern (ratio=550.0:1)
