filename,COL1A1_391 (Q)_DeamFrac,COL1A1_391 (Q)_Intensity,COL1A1_232 (Q)_DeamFrac,COL1A1_232 (Q)_Intensity,COL1A1_502 (Q)_DeamFrac,COL1A1_502 (Q)_Intensity,COL1A1_178 (Q)_DeamFrac,COL1A1_178 (Q)_Intensity,COL1A2_58 (Q)_DeamFrac,COL1A2_58 (Q)_Intensity,COL1A2_319 (N)_DeamFrac,COL1A2_319 (N)_Intensity,COL1A2_583 (N)_DeamFrac,COL1A2_583 (N)_Intensity,COL1A2_355 (N)_DeamFrac,COL1A2_355 (N)_Intensity,COL1A1_DGEA (Q)_DeamFrac,COL1A1_DGEA (Q)_Intensity,COL1A1_774 (Q)_DeamFrac,COL1A1_774 (Q)_Intensity,COL1A3_383_5Hyp (Q)_DeamFrac,COL1A3_383_5Hyp (Q)_Intensity,COL1A3_383_6Hyp (Q)_DeamFrac,COL1A3_383_6Hyp (Q)_Intensity,COL1A2_67 (N)_DeamFrac,COL1A2_67 (N)_Intensity
20251217-0922_TTF_013400_ONJ_TR_MC_2025_12_17_2101005550.mzXML,,,,,,,,,,,,,,,0.0,2040.297304178647,,,0.3344046405926236,20177.73353026748,0.6970091769588759,1752.1211565664453,1.0,1610.3834999013163,,
63-146_K23.txt,,,,,,,,,,,,,,,,,,,,,,,,,,
63-146_L19.txt,,,,,,,,,,,,,,,,,,,,,,,,,,
63-146_L9.txt,,,,,,,,,,,,,,,,,,,1.0,546.4252347839733,,,,,,
63-6_K22.txt,,,,,,,,,,,,,,,,,,,,,,,,,,
63-6_L18.txt,,,,,,,,,,,,,,,,,,,,,,,,,,
63-6_L8.txt,,,,,,,,,,,,,,,,,,,1.0,398.1188487228139,,,,,,
65-129_K24.txt,,,,,,,,,,,,,,,,,,,1.0,267.99501532373694,,,,,,
65-129_L10.txt,,,,,,,,,,,,,,,,,,,,,,,,,,
65-129_L20.txt,,,,,,,,,,,,,,,,,,,,,,,,,,
65-130_L1.txt,,,,,,,,,,,,,,,,,,,1.0,415.98518307772974,,,,,,
65-130_L11.txt,,,,,,,,,,,,,,,,,,,,,,,,,,
65-130_L21.txt,,,,,,,,,,,,,,,,,,,,,,,,,,
67-149_L14.txt,,,,,,,,,,,,,,,,,,,,,,,,,,
67-149_L24.txt,,,,,,,,,,,,,,,,,,,,,,,,,,
67-149_L4.txt,,,,,,,,,,,,,,,,,,,,,,,,,,
67-77_L12.txt,,,,,,,,,,,,,,,,,,,1.0,513.700787300964,,,,,,
67-77_L2.txt,,,,,,,,,,,,,,,,,,,1.0,462.7854925383941,,,,,,
67-77_L22.txt,,,,,,,,,,,,,,,,,,,,,,,,,,
67-86_L13.txt,,,,,,,,,,,,,,,,,,,1.0,466.8304930041991,,,,,,
67-86_L23.txt,,,,,,,,,,,,,,,,,,,1.0,461.2044010025608,,,,,,
67-86_L3.txt,,,,,,,,,,,,,,,,,,,1.0,1714.0840513866608,,,,,,
EXB__IR3_I15.txt,,,,,,,,,,,,,,,0.0,2532.293046515397,,,,,,,,,,
EXB__IR3_I22.txt,,,,,,,,,,,,,0.0,6482.576872130266,,,,,,,,,0.0,1494.5722167978124,,
EXB__IR3_I8.txt,,,,,,,,,,,,,,,,,,,,,,,,,,
EXB__IR4_I16.txt,,,,,,,,,,,,,,,,,,,,,,,,,,
EXB__IR4_I23.txt,,,,,0.0,8357.438089245448,,,,,,,,,,,0.0,4455.277568797908,,,0.6772257578595565,1407.9163413757237,0.0,1484.5515775311371,,
EXB__IR4_I9.txt,,,,,0.0,17085.537531655376,,,,,,,,,,,1.0,806.0720971769774,,,,,,,,
EXB__IR5_M16.txt,,,,,,,,,,,,,,,,,1.0,150.6751648701575,,,,,,,,
EXB__IR5_M23.txt,,,,,,,,,,,,,,,,,,,,,,,,,,
EXB__IR5_M9.txt,,,,,1.0,10.92002467224001,,,,,,,,,,,,,,,,,,,,
J58_K21.txt,,,,,,,,,,,,,,,,,,,1.0,14965.524637725252,,,,,,
J58_L17.txt,,,,,,,,,,,,,,,,,,,1.0,14274.100219980019,,,,,,
J58_L7.txt,,,,,,,,,,,,,,,,,,,1.0,16376.941155564115,,,,,,
SENS__180_M14.txt,,,,,,,,,,,,,,,,,,,1.0,357.92329224369803,,,,,,
SENS__180_M21.txt,,,,,,,,,,,,,,,,,,,1.0,52.33869667027024,,,,,,
SENS__180_M7.txt,,,,,,,,,,,,,,,,,,,1.0,52.05482577307556,,,,,,
SENS__J119_M13.txt,,,,,,,,,,,,,,,,,,,,,,,,,,
SENS__J119_M20.txt,,,,,,,,,,,,,,,,,,,,,,,,,,
SENS__J119_M6.txt,,,,,,,,,,,,,,,,,,,,,,,,,,
SENS__J23_M10.txt,,,,,,,,,,,,,,,,,,,1.0,1660.767362005929,,,1.0,349.6601668821374,,
SENS__J23_M17.txt,,,,,,,,,,,,,,,,,,,1.0,455.89704046531153,,,1.0,440.5797609360393,,
SENS__J23_M3.txt,,,,,,,,,,,,,,,,,,,1.0,404.072837821064,,,1.0,390.6491974527486,,
SENS__J24_M11.txt,,,,,,,,,,,,,,,,,,,1.0,19312.776264242217,,,,,,
SENS__J24_M18.txt,,,,,,,,,,,,,,,,,,,1.0,25634.432789237868,,,,,,
SENS__J24_M4.txt,,,,,,,,,,,,,,,,,,,1.0,17844.33366247953,,,,,,
SENS__J4_L15.txt,,,,,,,,,,,,,,,,,,,1.0,72.28062719819694,,,,,,
SENS__J4_L5.txt,,,,,,,,,,,,,,,,,,,,,,,,,,
SENS__J4_M1.txt,,,,,,,,,,,,,,,,,,,1.0,82.92578584299767,,,,,,
SENS__J59_M12.txt,,,,,,,,,,,,,,,,,,,,,,,,,,
SENS__J59_M19.txt,,,,,,,,,,,,,,,,,,,1.0,451.559742633978,,,,,,
SENS__J59_M5.txt,,,,,,,,,,,,,,,,,,,1.0,76.46772293181856,,,,,,
SENS__J603_M15.txt,,,,,,,,,,,,,,,,,,,,,,,,,,
SENS__J603_M22.txt,,,,,,,,,,,,,,,,,,,,,,,,,,
SENS__J603_M8.txt,,,,,,,,,,,,,,,,,,,,,,,,,,
SENS__J8_L16.txt,,,,,,,,,,,,,,,,,,,1.0,18439.872933322422,,,1.0,71.48286966635035,,
SENS__J8_L6.txt,,,,,,,,,,,,,,,,,,,1.0,11199.925342620663,,,,,,
SENS__J8_M2.txt,,,,,,,,,,,,,,,,,,,1.0,10125.401135450456,,,,,,
V100_K11.txt,,,,,,,,,,,,,,,,,,,,,,,,,,
V100_K16.txt,,,,,,,,,,,,,,,,,,,,,,,,,,
V100_K6.txt,,,,,,,,,,,,,,,,,,,,,,,,,,
V101_K12.txt,,,,,,,,,,,,,,,,,,,1.0,519.5754980755154,1.0,81.39878317826214,1.0,120.92660279423926,,
V101_K17.txt,,,,,,,,,,,,,,,,,,,1.0,421.871037247342,,,1.0,75.38810957686356,,
V101_K7.txt,,,,,,,,,,,,,,,,,,,1.0,413.3913331315637,,,1.0,118.71929327960136,,
V103_I12.txt,,,,,,,,,,,,,,,,,,,,,,,,,,
V103_I19.txt,,,,,,,,,,,,,,,,,,,1.0,81.7548183920696,,,,,,
V103_I5.txt,,,,,1.0,1056.7093819245238,,,,,,,,,,,,,0.42750051449082954,10280.21141131299,1.0,97.69891497866507,,,,
V104_I13.txt,,,,,,,,,,,,,,,,,,,,,,,1.0,623.6748834260212,,
V104_I20.txt,,,,,,,,,,,,,,,,,,,,,,,,,,
V104_I6.txt,,,,,,,,,,,,,,,,,,,,,,,,,,
V105_K13.txt,,,,,,,,,,,,,,,,,,,,,,,,,,
V105_K18.txt,,,,,,,,,,,,,,,,,,,,,,,,,,
V105_K8.txt,,,,,,,,,,,,,,,,,,,,,,,1.0,494.35994714318093,,
V106_A19.txt,,,,,,,,,,,,,,,,,,,1.0,2050.7795272845115,,,,,,
V106_A9.txt,,,,,,,,,,,,,,,,,,,,,,,,,,
V106_C6.txt,,,,,,,,,,,,,,,,,,,1.0,329.1832577604839,,,,,,
V107_A10.txt,,,,,,,,,,,,,,,,,,,,,,,,,,
V107_A20.txt,,,,,,,,,,,,,,,,,,,1.0,1864.896199953348,,,,,,
V107_C7.txt,,,,,,,,,,,,,,,,,,,,,,,,,,
V108_C18.txt,,,,,,,,,,,,,,,,,,,1.0,429.89878859306236,,,,,,
V108_C8.txt,,,,,,,,,,,,,,,,,,,,,,,,,,
V108_E5.txt,,,,,,,,,,,,,,,,,,,1.0,2327.9220226270622,,,,,,
V10_E15.txt,,,,,,,,,,,,,,,,,,,,,,,,,,
V10_G1.txt,,,,,,,,,,,,,,,,,,,,,,,,,,
V10_G11.txt,,,,,,,1.0,1195.2836438800339,1.0,22.18512999086373,,,,,1.0,4714.532656087378,,,1.0,1996.98431266001,,,,,,
V110_C19.txt,,,,,,,,,,,,,,,,,,,,,,,,,,
V110_C9.txt,,,,,,,,,,,,,,,,,,,0.57266421813141,14378.354490962876,1.0,110.36547573189485,,,,
V110_E6.txt,,,,,1.0,564.3710393213508,,,,,,,,,,,,,,,,,,,,
V113_C10.txt,,,,,,,,,,,,,,,,,,,,,,,,,,
V113_C20.txt,,,,,,,,,,,,,,,,,,,1.0,1120.3995646976161,,,,,,
V113_E7.txt,,,,,,,,,,,,,,,,,,,,,,,1.0,2909.9529552714375,,
V114_C11.txt,,,,,,,,,,,,,,,,,,,,,,,,,,
V114_C21.txt,,,,,,,,,,,,,,,,,,,1.0,4324.534892690138,,,,,,
V114_E8.txt,,,,,,,,,,,,,,,,,,,0.5920860276359766,6462.0301162938085,,,,,,
V115_I14.txt,,,,,,,,,,,,,,,,,,,1.0,94.74191193872647,,,1.0,90.6694831397413,,
V115_I21.txt,,,,,,,,,,,,,,,,,,,1.0,1182.1959500164603,,,1.0,56.06566167180258,,
V115_I7.txt,,,,,,,,,,,,,,,,,,,1.0,1752.9887413160288,1.0,60.6500737406659,1.0,119.83992734087904,,
V11_I24.txt,,,,,,,,,,,,,,,,,,,1.0,163.2257658869445,,,1.0,156.2095964205281,,
V11_J10.txt,,,,,,,,,,,,,,,1.0,3412.730638223164,,,1.0,282.0967040872193,,,1.0,269.9709329441735,,
V11_J20.txt,,,,,,,,,,,,,,,,,,,1.0,366.17764726488286,,,1.0,141.777188055588,,
V12_J1.txt,,,,,,,,,,,,,,,,,,,,,,,,,,
V12_J11.txt,,,,,,,,,,,,,,,,,,,,,,,,,,
V12_J21.txt,,,,,,,,,,,,,,,,,,,,,,,,,,
V14_E16.txt,,,,,,,,,,,,,,,1.0,2901.0753333541493,,,1.0,523.2858091278914,,,1.0,133.25357746829394,,
V14_G12.txt,,,,,,,1.0,1093.4347160253042,,,,,,,0.9507696922791249,2093.121694544043,,,1.0,139.30964279829217,,,1.0,133.32149468412896,,
V14_G2.txt,,,,,,,,,,,,,,,,,,,1.0,392.3773272900874,,,1.0,113.28591601280037,,
V16_J12.txt,,,,,,,,,,,,,,,,,,,,,,,,,,
V16_J2.txt,,,,,,,,,,,,,,,,,,,,,,,,,,
V16_J22.txt,,,,,,,,,,,,,,,,,,,1.0,348.9469019583996,,,,,,
V17_E17.txt,,,,,,,,,,,,,,,,,,,1.0,378.0398812053592,,,1.0,106.2225255659591,,
V17_G13.txt,,,,,,,,,,,,,,,,,,,1.0,578.2730618630699,1.0,83.33442382955998,1.0,174.37745165639384,,
V17_G3.txt,,,,,,,,,,,,,,,,,,,1.0,394.3805972754362,1.0,65.30240302536424,1.0,115.0517636245107,,
V18_E18.txt,,,,,,,,,,,,,,,,,,,,,,,,,,
V18_G14.txt,,,,,,,,,,,,,,,,,,,1.0,80.79675411403751,,,,,,
V18_G4.txt,,,,,,,,,,,,,,,,,,,,,,,,,,
V19_J13.txt,,,,,,,1.0,1702.60660526963,,,,,,,1.0,1934.7381733119078,,,1.0,1820.5655136798894,1.0,64.21572757200404,1.0,403.5183332616431,,
V19_J23.txt,,,,,,,1.0,1486.8982627848493,,,,,,,1.0,3853.043371970919,,,1.0,336.79429247850595,,,1.0,79.15751505570674,,
V19_J3.txt,,,,,,,1.0,2219.537956079484,,,,,,,1.0,5648.689627419729,,,1.0,429.15894547244613,,,1.0,414.6163964621679,,
V21_E19.txt,,,,,,,,,,,,,,,,,,,1.0,343.0968632758166,,,,,,
V21_G15.txt,,,,,,,,,,,,,,,,,,,,,,,,,,
V21_G5.txt,,,,,,,,,,,,,,,,,,,,,,,,,,
V22_J14.txt,,,,,,,,,,,,,,,,,,,1.0,715.0506767846742,,,1.0,96.91786699656244,,
V22_J24.txt,,,,,,,,,,,,,,,,,,,1.0,56.13546992024917,,,,,,
V22_J4.txt,,,,,,,,,,,,,,,,,,,1.0,73.23869147622901,,,,,,
V25_E20.txt,,,,,,,,,,,,,,,,,,,1.0,85.16126915840583,,,1.0,81.50065900201464,,
V25_G16.txt,,,,,,,,,,,,,,,,,,,1.0,502.6522689197119,,,1.0,74.16559969183334,,
V25_G6.txt,,,,,,,,,,,,,,,,,,,1.0,87.00642999017128,,,1.0,83.26650661372497,,
V26_J15.txt,,,,,,,,,,,,,,,,,,,1.0,556.6985420513938,,,,,,
V26_J5.txt,,,,,,,,,,,,,,,,,,,1.0,384.83767982181456,,,,,,
V26_K1.txt,,,,,,,,,,,,,,,,,,,1.0,433.69340827906217,,,,,,
V28_J16.txt,,,,,,,,,,,,,,,,,,,1.0,129.01932277498483,1.0,68.83409824878488,1.0,123.4734983880522,,
V28_J6.txt,,,,,,,,,,,,,,,,,,,1.0,524.880617148215,,,1.0,141.43760197641294,,
V28_K2.txt,,,,,,,,,,,,,,,,,,,1.0,438.3824801983604,,,1.0,117.97220390541621,,
V2_C13.txt,,,,,,,,,,,,,,,,,,,1.0,386.57688051123114,,,,,,
V2_C24.txt,,,,,,,,,,,,,,,,,,,1.0,434.16773573981214,,,,,,
V2_E10.txt,,,,,,,,,,,,,,,,,,,1.0,578.1682444281385,,,1.0,92.26553771186408,,
V30_J17.txt,,,,,,,,,,,,,,,,,,,1.0,572.513245125222,,,,,,
V30_J7.txt,,,,,,,,,,,,,,,,,,,1.0,816.1594507971269,,,,,,
V30_K3.txt,,,,,,,,,,,,,,,,,,,1.0,618.2067905108031,,,,,,
V36_E21.txt,,,,,,,,,,,,,,,,,,,1.0,336.60100311928977,1.0,60.10673601398581,1.0,67.17012646082708,,
V36_G17.txt,,,,,,,,,,,,,,,,,,,1.0,1317.556636674273,,,1.0,69.58118762297,,
V36_G7.txt,,,,,,,,,,,,,,,,,,,1.0,347.03227570299623,1.0,61.7367491940261,1.0,335.18398465629605,,
V3_C14.txt,,,,,,,,,,,,,,,,,,,,,,,,,,
V3_E1.txt,,,,,,,,,,,,,,,,,,,,,,,,,,
V3_E11.txt,,,,,,,,,,,,,,,,,,,,,,,,,,
V45_E22.txt,,,,,,,,,,,,,,,,,,,1.0,420.8865668388128,,,,,,
V45_G18.txt,,,,,,,,,,,,,,,,,,,,,,,,,,
V45_G8.txt,,,,,,,,,,,,,,,,,,,1.0,421.8352217603128,,,,,,
V52_E23.txt,,,,,,,,,,,,,,,,,,,1.0,523.9203273875553,,,1.0,104.35480213049627,,
V52_G19.txt,,,,,,,,,,,,,,,,,,,1.0,1455.9216319273025,1.0,71.10932497925779,1.0,114.74613615325313,,
V52_G9.txt,,,,,,,,,,,,,,,,,,,1.0,153.85802627951986,,,1.0,147.24452393030649,,
V56_E24.txt,,,,,,,,,,,,,,,,,,,1.0,399.3837219514805,,,,,,
V56_G10.txt,,,,,,,,,,,,,,,,,,,1.0,433.53529912547884,,,,,,
V56_G20.txt,,,,,,,,,,,,,,,,,,,1.0,1387.0090332481248,,,,,,
V59_G21.txt,,,,,,,,,,,,,,,,,,,1.0,1226.90539470615,,,,,,
V59_H17.txt,,,,,,,,,,,,,,,,,,,,,,,,,,
V59_H7.txt,,,,,,,,,,,,,,,,,,,1.0,1647.1857533182567,,,,,,
V61_C12.txt,,,,,,,,,,,,,,,,,,,,,,,,,,
V61_C22.txt,,,,,,,,,,,,,,,,,,,,,,,,,,
V61_E9.txt,,,,,,,,,,,,,,,,,,,,,,,,,,
V65_A1.txt,,,,,,,,,,,,,,,,,,,,,,,,,,
V65_A11.txt,,,,,,,,,,,,,,,,,,,,,,,,,,
V65_A21.txt,,,,,,,,,,,,,,,,,,,,,,,,,,
V66_G22.txt,,,,,,,,,,,,,,,,,,,,,,,,,,
V66_H18.txt,,,,,,,,,,,,,,,,,,,1.0,1043.6527166032313,,,,,,
V66_H8.txt,,,,,,,,,,,,,,,,,,,,,,,,,,
V67_G23.txt,,,,,,,,,,,,,,,,,,,1.0,140.97738431931097,,,1.0,134.91754925625176,,
V67_H19.txt,,,,,,,,,,,,,,,,,,,1.0,156.8741545622134,1.0,67.71346418750717,1.0,150.13100560329448,,
V67_H9.txt,,,,,,,,,,,,,,,,,,,1.0,209.24833509463298,1.0,96.54432230946986,1.0,200.2539108895335,,
V6_C15.txt,,,,,,,,,,,,,,,,,,,,,,,,,,
V6_E12.txt,,,,,,,,,,,,,,,,,,,,,,,,,,
V6_E2.txt,,,,,,,,,,,,,,,,,,,,,,,,,,
V70_G24.txt,,,,,,,,,,,,,,,,,,,,,,,,,,
V70_H10.txt,,,,,,,,,,,,,,,,,,,,,,,,,,
V70_H20.txt,,,,,,,,,,,,,,,,,,,,,,,,,,
V73_H1.txt,,,,,,,,,,,,,,,,,,,1.0,556.4646666014544,,,,,,
V73_H11.txt,,,,,,,,,,,,,,,,,,,1.0,531.4048651935575,,,,,,
V73_H21.txt,,,,,,,,,,,,,,,,,,,1.0,2642.228765676684,,,,,,
V75_H12.txt,,,,,,,,,,,,,,,,,,,,,,,,,,
V75_H2.txt,,,,,,,,,,,,,,,,,,,1.0,347.84013788331634,,,,,,
V75_H22.txt,,,,,,,,,,,,,,,,,,,1.0,369.34298277064863,,,,,,
V76_A12.txt,,,,,,,1.0,2109.5218972175358,,,,,,,1.0,1423.676150517467,,,1.0,751.6177696290619,1.0,109.27880027853465,1.0,723.3824264537625,,
V76_A2.txt,,,,,,,1.0,1909.1869778051664,,,,,,,1.0,1421.91635305082,,,1.0,768.3277639870895,1.0,116.37614933329341,1.0,739.9203536576817,,
V76_A22.txt,,,,,,,,,,,,,,,1.0,4091.777899004352,,,1.0,363.7805547549902,1.0,115.01780501659317,1.0,348.14364837027256,,
V77_A13.txt,,,,,,,1.0,2339.642823832703,,,,,,,0.9507696922791248,2739.4095875226994,,,1.0,371.1966819442014,,,1.0,355.24099742503137,,
V77_A23.txt,,,,,,,1.0,1331.2423541766775,,,,,,,,,,,1.0,157.40641249445343,,,1.0,150.6403847220571,,
V77_A3.txt,,,,,,,1.0,2339.642823832703,,,,,,,1.0,4784.203640837796,,,1.0,417.00634797899386,1.0,164.0200762415545,1.0,399.08156024653175,,
V79_A14.txt,,,,,,,,,,,,,,,,,,,,,,,,,,
V79_A24.txt,,,,,,,,,,,,,,,,,,,,,,,,,,
V79_A4.txt,,,,,,,1.0,1258.2185945827205,,,,,,,1.0,3887.2068604770266,,,,,,,,,,
V7_C16.txt,,,,,,,,,,,,,,,,,,,1.0,98.14836270506271,,,1.0,93.92950949982189,,
V7_E13.txt,,,,,,,,,,,,,,,1.0,816.5460245242332,,,,,,,,,,
V7_E3.txt,,,,,,,,,,,,,,,,,,,,,,,,,,
V80_H13.txt,,,,,,,,,,,,,,,1.0,906.0622438997708,,,1.0,377.29990623388716,1.0,90.26197984473123,1.0,361.0818779868424,,
V80_H23.txt,,,,,,,1.0,2177.7414621013636,,,,,,,1.0,898.0833071455467,,,1.0,650.7926227894947,,,1.0,297.647198396941,,
V80_H3.txt,,,,,,,,,,,,,,,1.0,2985.878983858965,,,1.0,721.6005758147029,1.0,88.86967692011348,1.0,360.2668713968223,,
V81_H14.txt,,,,,,,,,,,,,,,1.0,883.4183282568214,,,1.0,519.6469412619913,1.0,73.82601361265827,1.0,500.1869950101324,,
V81_H24.txt,,,,,,,,,,,,,,,1.0,2464.6058806859187,,,1.0,409.9839993640412,1.0,57.96734371518293,1.0,394.23586738176067,,
V81_H4.txt,,,,,,,,,,,,,,,1.0,2851.2629620719276,,,1.0,632.6501927423997,1.0,85.88131942337294,1.0,608.2018492449448,,
V82_J18.txt,,,,,,,,,,,,,,,,,,,1.0,137.46448196652673,1.0,69.37743597546498,1.0,131.55564707241865,,
V82_J8.txt,,,,,,,1.0,2321.8673034052263,,,,,,,1.0,1416.0503614953298,,,1.0,849.8846982173901,,,1.0,285.42209954663883,,
V82_K4.txt,,,,,,,1.0,1656.0059165813814,,,,,,,0.950769692279125,3162.289319965524,,,1.0,338.72894807755915,,,1.0,324.1688711805133,,
V83_A15.txt,,,0.0,35844.37502526794,,,,,,,1.0,1558.489768044774,,,1.0,1702.6146923195897,,,1.0,128.52254870489412,,,1.0,122.99807787720712,,
V83_A5.txt,,,,,,,1.0,1252.453560930566,,,1.0,1274.7233340201992,,,1.0,3300.5032814023216,,,1.0,112.48384301339435,,,1.0,107.64878709849435,,
V83_C1.txt,,,,,,,,,,,,,,,1.0,1557.420757982643,,,1.0,126.0386783544406,,,1.0,120.62097532298169,0.0,3849.1886556717104
V84_A16.txt,,,,,,,,,,,,,,,,,,,1.0,373.0063589138175,,,,,,
V84_A6.txt,,,,,,,,,,,,,,,,,,,,,1.0,2152.7664232385437,,,,
V84_C3.txt,,,,,,,,,,,,,,,,,,,1.0,137.87118192465994,,,,,,
V87_J19.txt,,,,,,,,,,,,,,,,,,,1.0,551.9039415016387,1.0,91.55240694559646,1.0,153.83249386630266,,
V87_J9.txt,,,,,,,,,,,,,,,,,,,1.0,653.1595494217578,1.0,93.58992342064683,1.0,182.49355894867782,,
V87_K5.txt,,,,,,,,,,,,,,,,,,,1.0,173.5515697724012,1.0,85.47381612836287,1.0,166.09155132452238,,
V88_H15.txt,,,,,,,,,,,,,,,,,,,1.0,2658.9107526660687,,,1.0,99.26101094287036,,
V88_H5.txt,,,,,,,,,,,,,,,,,,,1.0,3537.1943229761378,,,1.0,123.20182952471215,,
V88_I1.txt,,,,,,,,,,,,,,,,,,,1.0,2992.532347243209,,,1.0,98.61579739243773,,
V89_A17.txt,,,,,,,,,,,,,,,,,,,,,1.0,5115.266511453398,,,,
V89_A7.txt,,,,,,,,,,,,,,,,,,,1.0,542.5180464309094,1.0,101.33248602583822,1.0,293.74195848642785,,
V89_C4.txt,,,,,,,,,,,,,,,,,,,1.0,338.12572242102044,1.0,118.37970720042627,1.0,323.5915748459157,,
V90_H16.txt,,,,,,,,,,,,,,,,,,,1.0,211.73220544508646,1.0,96.71411534905738,1.0,202.63101344375892,,
V90_H6.txt,,,,,,,,,,,,,,,,,,,1.0,320.0999204491579,1.0,104.69438820967133,1.0,306.34060202382256,,
V90_I2.txt,,,,,,,,,,,,,,,,,,,1.0,285.04186464561417,1.0,105.95085670261905,1.0,272.78949740132657,,
V91_I10.txt,,,,,,,,,,,,,,,,,,,1.0,717.7101724751386,1.0,108.429835080597,1.0,258.49292346805646,,
V91_I17.txt,,,,,,,,,,,,,,,,,,,1.0,222.3773640898872,1.0,78.17271542609906,1.0,212.81859581901077,,
V91_I3.txt,,,,,,,,,,,,,,,,,,,1.0,233.55478066692794,1.0,80.0404388615619,1.0,223.51555731302517,,
V92_I11.txt,,,,,,,,,,,,,,,1.0,3264.3008198111606,,,1.0,500.4154710912256,,,,,,
V92_I18.txt,,,,,,,,,,,,,,,1.0,2686.029701494527,,,,,,,,,,
V92_I4.txt,,,,,,,,,,,,,,,,,,,1.0,451.71785178756136,,,,,,
V93_A18.txt,,,,,,,,,,,,,,,,,,,1.0,131.2902899525423,,,1.0,125.64684929477258,,
V93_A8.txt,,,,,,,,,,,,,,,,,,,1.0,452.2092479409249,,,1.0,106.08669113428907,,
V93_C5.txt,,,,,,,,,,,,,,,,,,,1.0,115.7838421932826,,,1.0,110.80693763482242,,
V9_C17.txt,,,,,,,1.0,1548.391955074497,1.0,35.56346749838127,,,,,1.0,1514.5990196275648,,,1.0,690.6635784433954,,,1.0,171.9324318863334,,
V9_E14.txt,,,,,,,1.0,1483.535326487759,,,,,,,0.9507696922791249,2836.4857525174357,,,1.0,210.31285095911304,,,1.0,201.2726691270587,,
V9_E4.txt,,,,,,,1.0,1674.2618564798704,,,,,,,1.0,1305.7697202521144,,,1.0,686.4786362737528,,,1.0,171.55888719924087,,
VatLat_10696_K14.txt,,,,,,,,,,,,,,,,,,,,,,,,,,
VatLat_10696_K19.txt,,,,,,,,,,,,,,,,,,,,,,,,,,
VatLat_10696_K9.txt,,,,,,,,,,,,,,,,,,,1.0,418.1987112278963,,,,,,
regLat_316_K10.txt,,,,,,,,,,,,,,,,,,,,,1.0,512.1636007600546,1.0,452.8420617625556,,
regLat_316_K15.txt,,,,,,,,,,,,,,,,,,,,,,,,,,
regLat_316_K20.txt,,,,,,,,,,,,,,,,,,,,,,,,,,
