sample_id,species,confidence,confidence_category,notes,evidence_Cervus,evidence_Bos,evidence_Ovis,evidence_Capra
20251217-0922_TTF_013400_ONJ_TR_MC_2025_12_17_2101005550.mzXML,Sheep,0.8,High,ɑ1 586: Ovis/Capra dominant + ɑ2 757: Ovis (ratio=7.4:1),0.9744793447380229,0.47434822603699484,0.47434822603699484,0.47434822603699484
63-146_K23.txt,Sheep,0.8,High,ɑ1 586: Ovis/Capra dominant + ɑ2 757: Ovis (ratio=58.0:1),0.9847902811756917,0.47902763009224186,0.47902763009224186,0.47902763009224186
63-146_L19.txt,Sheep,0.8,High,ɑ1 586: Ovis/Capra dominant + ɑ2 757: Ovis (ratio=50.9:1),0.9894068727791794,0.48937314280500266,0.48937314280500266,0.48937314280500266
63-146_L9.txt,Sheep,0.8,High,ɑ1 586: Ovis/Capra dominant + ɑ2 757: Ovis (ratio=26.1:1),0.9884060077709775,0.48835519332667576,0.48835519332667576,0.48835519332667576
63-6_K22.txt,Bovidae,0.4,Low,No COL3A1 or hydroxylation markers found; Diagnostic masses inconclusive - family level only,0.47501262308981107,0.47501262308981107,0.47501262308981107,0.47501262308981107
63-6_L18.txt,Bovidae,0.4,Low,No COL3A1 or hydroxylation markers found; Diagnostic masses inconclusive - family level only,0.464945778113934,0.464945778113934,0.464945778113934,0.464945778113934
63-6_L8.txt,Sheep,0.9,High,ɑ1 586: Ovis/Capra + ɑ2 757: Ovis pattern (ratio=20.9:1),0.9899510631822037,0.4897211399599376,0.4897211399599376,0.4897211399599376
65-129_K24.txt,Sheep,0.9,High,ɑ1 586: Ovis/Capra + ɑ2 757: Ovis pattern (ratio=56.7:1),0.9662491700649616,0.4661526217416894,0.4661526217416894,0.4661526217416894
65-129_L10.txt,Sheep,0.8,High,ɑ1 586: Ovis/Capra dominant + ɑ2 757: Ovis (ratio=18.5:1),0.9865941726867724,0.48655923555698,0.48655923555698,0.48655923555698
65-129_L20.txt,Sheep,0.8,High,ɑ1 586: Ovis/Capra dominant + ɑ2 757: Ovis (ratio=22.7:1),0.9891421568870178,0.48911286423417855,0.48911286423417855,0.48911286423417855
65-130_L1.txt,Sheep,0.8,High,ɑ1 586: Ovis/Capra dominant + ɑ2 757: Ovis (ratio=43.4:1),0.9888188060106073,0.48557574577207246,0.48557574577207246,0.48557574577207246
65-130_L11.txt,Sheep,0.8,High,ɑ1 586: Ovis/Capra dominant + ɑ2 757: Ovis (ratio=31.4:1),0.9928024214281477,0.4927959263285154,0.4927959263285154,0.4927959263285154
65-130_L21.txt,Sheep,0.8,High,ɑ1 586: Ovis/Capra dominant + ɑ2 757: Ovis (ratio=29.3:1),0.9889508303714785,0.48894190710991986,0.48894190710991986,0.48894190710991986
67-149_L14.txt,Sheep,0.9,High,ɑ1 586: Ovis/Capra + ɑ2 757: Ovis pattern (ratio=174.2:1),0.985473989941761,0.48548543919530013,0.48548543919530013,0.48548543919530013
67-149_L24.txt,Sheep,0.8,High,ɑ1 586: Ovis/Capra dominant + ɑ2 757: Ovis (ratio=49.4:1),0.9857208484419437,0.4854989896899349,0.4854989896899349,0.4854989896899349
67-149_L4.txt,Sheep,0.8,High,ɑ1 586: Ovis/Capra dominant + ɑ2 757: Ovis (ratio=28.7:1),0.9899409404009272,0.48942086609223906,0.48942086609223906,0.48942086609223906
67-77_L12.txt,Sheep,0.8,High,ɑ1 586: Ovis/Capra dominant + ɑ2 757: Ovis (ratio=21.8:1),0.9904665505195271,0.4904046337503316,0.4904046337503316,0.4904046337503316
67-77_L2.txt,Sheep,0.8,High,ɑ1 586: Ovis/Capra dominant + ɑ2 757: Ovis (ratio=72.3:1),0.9905013676392946,0.49013753391178383,0.49013753391178383,0.49013753391178383
67-77_L22.txt,Bovidae,0.4,Low,No COL3A1 or hydroxylation markers found; Diagnostic masses inconclusive - family level only,0.489939903807441,0.489939903807441,0.489939903807441,0.489939903807441
67-86_L13.txt,Sheep,0.8,High,ɑ1 586: Ovis/Capra dominant + ɑ2 757: Ovis (ratio=14.4:1),0.9936363757636877,0.49362936858092477,0.49362936858092477,0.49362936858092477
67-86_L23.txt,Sheep,0.8,High,ɑ1 586: Ovis/Capra dominant + ɑ2 757: Ovis (ratio=40.5:1),0.992969965256546,0.4928972402720388,0.4928972402720388,0.4928972402720388
67-86_L3.txt,Sheep,0.8,High,ɑ1 586: Ovis/Capra dominant + ɑ2 757: Ovis (ratio=7.4:1),0.9889837993882706,0.48894415365260996,0.48894415365260996,0.48894415365260996
EXB__IR3_I15.txt,Bovidae,0.4,Low,No COL3A1 or hydroxylation markers found; Diagnostic masses inconclusive - family level only,0.48067175904471304,0.48067175904471304,0.48067175904471304,0.48067175904471304
EXB__IR3_I22.txt,Bovidae,0.5,Low,COL3A1 and hydroxylation patterns ambiguous; Diagnostic masses inconclusive - family level only,0.4336215318211243,0.4336215318211243,0.4336215318211243,0.4336215318211243
EXB__IR3_I8.txt,Bovidae,0.4,Low,No COL3A1 or hydroxylation markers found; Diagnostic masses inconclusive - family level only,0.49015941370506166,0.49015941370506166,0.49015941370506166,0.49015941370506166
EXB__IR4_I16.txt,Bovidae,0.4,Low,No COL3A1 or hydroxylation markers found; Diagnostic masses inconclusive - family level only,0.43980837244299575,0.43980837244299575,0.43980837244299575,0.43980837244299575
EXB__IR4_I23.txt,Sheep,0.75,Medium,Hydroxylation pattern suggests Ovis (score=1.40),0.46670505658689376,0.46670505658689376,0.46670505658689376,0.46670505658689376
EXB__IR4_I9.txt,Bovidae,0.4,Low,No COL3A1 or hydroxylation markers found; Diagnostic masses inconclusive - family level only,0.48607961473479655,0.48607961473479655,0.48607961473479655,0.48607961473479655
EXB__IR5_M16.txt,Bovidae,0.4,Low,No COL3A1 or hydroxylation markers found; Diagnostic masses inconclusive - family level only,0.4887699679747074,0.4887699679747074,0.4887699679747074,0.4887699679747074
EXB__IR5_M23.txt,Bovidae,0.4,Low,No COL3A1 or hydroxylation markers found; Diagnostic masses inconclusive - family level only,0.4697599809615123,0.4697599809615123,0.4697599809615123,0.4697599809615123
EXB__IR5_M9.txt,Bovidae,0.5,Low,COL3A1 and hydroxylation patterns ambiguous; Diagnostic masses inconclusive - family level only,0.4848444036892199,0.4848444036892199,0.4848444036892199,0.4848444036892199
J58_K21.txt,Sheep,0.9,High,ɑ1 586: Ovis/Capra + ɑ2 757: Ovis pattern (ratio=14358.0:1),0.9915704760036139,0.4915711024008074,0.4915711024008074,0.4915711024008074
J58_L17.txt,Goat,0.9,High,ɑ2 757: Capra pattern detected (3077/3093 signal=1936),0.9908983800783187,0.48882948032393675,0.48882948032393675,0.48882948032393675
J58_L7.txt,Goat,0.9,High,ɑ2 757: Capra pattern detected (3077/3093 signal=2577),0.9933545609054237,0.4933362996821777,0.4933362996821777,0.4933362996821777
SENS__180_M14.txt,Sheep/Goat,0.6,Low,"ɑ1 586: Ovis/Capra, ɑ2 757 ambiguous",0.9912970816652911,0.49127657854381684,0.49127657854381684,0.49127657854381684
SENS__180_M21.txt,Sheep,0.8,High,ɑ1 586: Ovis/Capra dominant + ɑ2 757: Ovis (ratio=4.0:1),0.49024945832827416,0.49024945832827416,0.49024945832827416,0.49024945832827416
SENS__180_M7.txt,Sheep,0.8,High,ɑ1 586: Ovis/Capra dominant + ɑ2 757: Ovis (ratio=2966.0:1),0.4924138777103503,0.4924138777103503,0.4924138777103503,0.4924138777103503
SENS__J119_M13.txt,Bovidae,0.4,Low,No COL3A1 or hydroxylation markers found; Diagnostic masses inconclusive - family level only,0.47351930414536025,0.47351930414536025,0.47351930414536025,0.47351930414536025
SENS__J119_M20.txt,Calf,0.8,High,ɑ1 586: Bos dominant (ratio=3.7:1),0.48514152978350067,0.48514152978350067,0.48514152978350067,0.48514152978350067
SENS__J119_M6.txt,Bovidae,0.4,Low,No COL3A1 or hydroxylation markers found; Diagnostic masses inconclusive - family level only,0.9657817104766242,0.46568975710614413,0.46568975710614413,0.46568975710614413
SENS__J23_M10.txt,Sheep/Goat,0.6,Low,"ɑ1 586: Ovis/Capra, ɑ2 757 ambiguous",0.49188778257907917,0.49188778257907917,0.49188778257907917,0.49188778257907917
SENS__J23_M17.txt,Sheep,0.8,High,ɑ1 586: Ovis/Capra dominant + ɑ2 757: Ovis (ratio=2430.0:1),0.49120326316857454,0.49120326316857454,0.49120326316857454,0.49120326316857454
SENS__J23_M3.txt,Sheep/Goat,0.6,Low,"ɑ1 586: Ovis/Capra, ɑ2 757 ambiguous",0.48915247853172517,0.48915247853172517,0.48915247853172517,0.48915247853172517
SENS__J24_M11.txt,Sheep/Goat,0.6,Low,"ɑ1 586: Ovis/Capra, ɑ2 757 ambiguous",0.9865648077801947,0.485707130269181,0.485707130269181,0.485707130269181
SENS__J24_M18.txt,Sheep/Goat,0.6,Low,"ɑ1 586: Ovis/Capra, ɑ2 757 ambiguous",0.4889396425114547,0.4889396425114547,0.4889396425114547,0.4889396425114547
SENS__J24_M4.txt,Bovidae,0.3,Low,Family-level only: Bovidae,0.48958692614239996,0.48958692614239996,0.48958692614239996,0.48958692614239996
SENS__J4_L15.txt,Sheep,0.8,High,ɑ1 586: Ovis/Capra dominant + ɑ2 757: Ovis (ratio=17788.0:1),0.49252195511037644,0.49252195511037644,0.49252195511037644,0.49252195511037644
SENS__J4_L5.txt,Sheep,0.8,High,ɑ1 586: Ovis/Capra dominant + ɑ2 757: Ovis (ratio=7.6:1),0.49262611696446434,0.49262611696446434,0.49262611696446434,0.49262611696446434
SENS__J4_M1.txt,Sheep/Goat,0.6,Low,"ɑ1 586: Ovis/Capra, ɑ2 757 ambiguous",0.49338875614739175,0.49338875614739175,0.49338875614739175,0.49338875614739175
SENS__J59_M12.txt,Bovidae,0.4,Low,No COL3A1 or hydroxylation markers found; Diagnostic masses inconclusive - family level only,0.47833189851012947,0.47833189851012947,0.47833189851012947,0.47833189851012947
SENS__J59_M19.txt,Goat,0.9,High,ɑ2 757: Capra pattern detected (3077/3093 signal=892),0.9903015956925802,0.4902988256425771,0.4902988256425771,0.4902988256425771
SENS__J59_M5.txt,Sheep/Goat,0.6,Low,"ɑ1 586: Ovis/Capra, ɑ2 757 ambiguous",0.49233569447881476,0.49233569447881476,0.49233569447881476,0.49233569447881476
SENS__J603_M15.txt,Sheep,0.8,High,ɑ1 586: Ovis/Capra dominant + ɑ2 757: Ovis (ratio=250.9:1),0.9916558904123167,0.49166107419226746,0.49166107419226746,0.49166107419226746
SENS__J603_M22.txt,Sheep,0.8,High,ɑ1 586: Ovis/Capra dominant + ɑ2 757: Ovis (ratio=12.2:1),0.9923571898692978,0.49236632854360957,0.49236632854360957,0.49236632854360957
SENS__J603_M8.txt,Sheep,0.8,High,ɑ1 586: Ovis/Capra dominant + ɑ2 757: Ovis (ratio=69.4:1),0.9870883358048712,0.48708259214219957,0.48708259214219957,0.48708259214219957
SENS__J8_L16.txt,Sheep,0.8,High,ɑ1 586: Ovis/Capra dominant + ɑ2 757: Ovis (ratio=1394.0:1),0.48640204548974286,0.48640204548974286,0.48640204548974286,0.48640204548974286
SENS__J8_L6.txt,Sheep,0.9,High,ɑ1 586: Ovis/Capra + ɑ2 757: Ovis pattern (ratio=33.4:1),0.9893415045586302,0.4893449441454268,0.4893449441454268,0.4893449441454268
SENS__J8_M2.txt,Sheep/Goat,0.6,Low,"ɑ1 586: Ovis/Capra, ɑ2 757 ambiguous",0.48451777819532826,0.48451777819532826,0.48451777819532826,0.48451777819532826
V100_K11.txt,Sheep,0.8,High,ɑ1 586: Ovis/Capra dominant + ɑ2 757: Ovis (ratio=31.9:1),0.4881285083570426,0.4881285083570426,0.4881285083570426,0.4881285083570426
V100_K16.txt,Sheep,0.8,High,ɑ1 586: Ovis/Capra dominant + ɑ2 757: Ovis (ratio=35.8:1),0.9812069296717356,0.4811734492849776,0.4811734492849776,0.4811734492849776
V100_K6.txt,Sheep,0.8,High,ɑ1 586: Ovis/Capra dominant + ɑ2 757: Ovis (ratio=26.0:1),0.9906203756659455,0.49061802431963913,0.49061802431963913,0.49061802431963913
V101_K12.txt,Goat,0.85,High,ɑ2 757: Capra pattern dominant (ratio=3.8:1),0.9917966870317982,0.49177264827103045,0.49177264827103045,0.49177264827103045
V101_K17.txt,Sheep,0.8,High,ɑ1 586: Ovis/Capra dominant + ɑ2 757: Ovis (ratio=106.7:1),0.9848474951154655,0.4848293369285498,0.4848293369285498,0.4848293369285498
V101_K7.txt,Sheep,0.8,High,ɑ1 586: Ovis/Capra dominant + ɑ2 757: Ovis (ratio=65.5:1),0.9889987727118332,0.48898171110207245,0.48898171110207245,0.48898171110207245
V103_I12.txt,Bovidae,0.4,Low,No COL3A1 or hydroxylation markers found; Diagnostic masses inconclusive - family level only,0.47283401840101713,0.47283401840101713,0.47283401840101713,0.47283401840101713
V103_I19.txt,Bovidae,0.5,Low,COL3A1 and hydroxylation patterns ambiguous; Diagnostic masses inconclusive - family level only,0.990265019417228,0.4902616296231783,0.4902616296231783,0.4902616296231783
V103_I5.txt,Goat,0.75,Medium,Hydroxylation pattern suggests Capra (score=2.19),0.4825701296000352,0.4825701296000352,0.4825701296000352,0.4825701296000352
V104_I13.txt,Bovidae,0.4,Low,No COL3A1 or hydroxylation markers found; Diagnostic masses inconclusive - family level only,0.4822692917622754,0.4822692917622754,0.4822692917622754,0.4822692917622754
V104_I20.txt,Sheep,0.8,High,ɑ1 586: Ovis/Capra dominant + ɑ2 757: Ovis (ratio=15.0:1),0.9843293740546029,0.4840448462707696,0.4840448462707696,0.4840448462707696
V104_I6.txt,Sheep,0.8,High,ɑ1 586: Ovis/Capra dominant + ɑ2 757: Ovis (ratio=48.1:1),0.9876230854703663,0.48757797207644177,0.48757797207644177,0.48757797207644177
V105_K13.txt,Goat,0.85,High,ɑ2 757: Capra pattern dominant (ratio=3.4:1),0.979220153845938,0.47914781838061843,0.47914781838061843,0.47914781838061843
V105_K18.txt,Goat,0.85,High,ɑ2 757: Capra pattern dominant (ratio=3.4:1),0.4920025799191339,0.4920025799191339,0.4920025799191339,0.4920025799191339
V105_K8.txt,Bovidae,0.4,Low,No COL3A1 or hydroxylation markers found; Diagnostic masses inconclusive - family level only,0.4790848561767098,0.4790848561767098,0.4790848561767098,0.4790848561767098
V106_A19.txt,Sheep,0.8,High,ɑ1 586: Ovis/Capra dominant + ɑ2 757: Ovis (ratio=3.8:1),0.9934114319048444,0.49339808444849015,0.49339808444849015,0.49339808444849015
V106_A9.txt,Sheep,0.8,High,ɑ1 586: Ovis/Capra dominant + ɑ2 757: Ovis (ratio=9.6:1),0.9891614907291626,0.4891490879333433,0.4891490879333433,0.4891490879333433
V106_C6.txt,Sheep,0.8,High,ɑ1 586: Ovis/Capra dominant + ɑ2 757: Ovis (ratio=5.5:1),0.9906401259484945,0.49062439639537886,0.49062439639537886,0.49062439639537886
V107_A10.txt,Sheep,0.8,High,ɑ1 586: Ovis/Capra dominant + ɑ2 757: Ovis (ratio=38.3:1),0.9886532463886328,0.48701473646227245,0.48701473646227245,0.48701473646227245
V107_A20.txt,Sheep,0.8,High,ɑ1 586: Ovis/Capra dominant + ɑ2 757: Ovis (ratio=71.1:1),0.9892204811967673,0.48723060245537264,0.48723060245537264,0.48723060245537264
V107_C7.txt,Sheep,0.8,High,ɑ1 586: Ovis/Capra dominant + ɑ2 757: Ovis (ratio=34.0:1),0.9883899868280204,0.4883738572392174,0.4883738572392174,0.4883738572392174
V108_C18.txt,Sheep,0.8,High,ɑ1 586: Ovis/Capra dominant + ɑ2 757: Ovis (ratio=6.1:1),0.4893562790548289,0.4893562790548289,0.4893562790548289,0.4893562790548289
V108_C8.txt,Goat,0.85,High,ɑ2 757: Capra pattern dominant (ratio=4.3:1),0.9884189369032343,0.4884046895141475,0.4884046895141475,0.4884046895141475
V108_E5.txt,Goat,0.9,High,ɑ2 757: Capra pattern detected (3077/3093 signal=40675),0.985627852087418,0.48561726900305785,0.48561726900305785,0.48561726900305785
V10_E15.txt,Sheep,0.8,High,ɑ1 586: Ovis/Capra dominant + ɑ2 757: Ovis (ratio=17.5:1),0.9928531738310185,0.49284850006120795,0.49284850006120795,0.49284850006120795
V10_G1.txt,Sheep,0.9,High,ɑ1 586: Ovis/Capra + ɑ2 757: Ovis pattern (ratio=14.4:1),0.48776743821245105,0.48776743821245105,0.48776743821245105,0.48776743821245105
V10_G11.txt,Goat,0.85,High,ɑ2 757: Capra pattern dominant (ratio=4.2:1),0.99084087413101,0.49083708145209765,0.49083708145209765,0.49083708145209765
V110_C19.txt,Bovidae,0.4,Low,No COL3A1 or hydroxylation markers found; Diagnostic masses inconclusive - family level only,0.47341867357359546,0.47341867357359546,0.47341867357359546,0.47341867357359546
V110_C9.txt,Goat,0.75,Medium,Hydroxylation pattern suggests Capra (score=0.96),0.48078716240126185,0.48078716240126185,0.48078716240126185,0.48078716240126185
V110_E6.txt,Bovidae,0.5,Low,COL3A1 and hydroxylation patterns ambiguous; Diagnostic masses inconclusive - family level only,0.9815512105947428,0.48059261327499164,0.48059261327499164,0.48059261327499164
V113_C10.txt,Sheep,0.8,High,ɑ1 586: Ovis/Capra dominant + ɑ2 757: Ovis (ratio=11.4:1),0.48181889518023935,0.48181889518023935,0.48181889518023935,0.48181889518023935
V113_C20.txt,Sheep,0.9,High,ɑ1 586: Ovis/Capra + ɑ2 757: Ovis pattern (ratio=9.4:1),0.4871685191109726,0.4871685191109726,0.4871685191109726,0.4871685191109726
V113_E7.txt,Bovidae,0.4,Low,No COL3A1 or hydroxylation markers found; Diagnostic masses inconclusive - family level only,0.9494541977361273,0.44644059906336875,0.44644059906336875,0.44644059906336875
V114_C11.txt,Sheep/Goat,0.6,Low,"ɑ1 586: Ovis/Capra, ɑ2 757 ambiguous",0.4908786113253628,0.4908786113253628,0.4908786113253628,0.4908786113253628
V114_C21.txt,Sheep/Goat,0.6,Low,"ɑ1 586: Ovis/Capra, ɑ2 757 ambiguous",0.48078855995099146,0.48078855995099146,0.48078855995099146,0.48078855995099146
V114_E8.txt,Sheep,0.8,High,ɑ1 586: Ovis/Capra dominant + ɑ2 757: Ovis (ratio=37.2:1),0.49009305542279347,0.49009305542279347,0.49009305542279347,0.49009305542279347
V115_I14.txt,Sheep,0.8,High,ɑ1 586: Ovis/Capra dominant + ɑ2 757: Ovis (ratio=240.2:1),0.9867913701401982,0.48655739775970686,0.48655739775970686,0.48655739775970686
V115_I21.txt,Sheep,0.9,High,ɑ1 586: Ovis/Capra + ɑ2 757: Ovis pattern (ratio=3018.0:1),0.4914166261855173,0.4914166261855173,0.4914166261855173,0.4914166261855173
V115_I7.txt,Sheep/Goat,0.6,Low,"ɑ2 757 ambiguous: Ovis=0, Capra=0",0.4876227922583011,0.4876227922583011,0.4876227922583011,0.4876227922583011
V11_I24.txt,Goat,0.8,High,ɑ1 586: Ovis/Capra dominant + ɑ2 757: Capra (ratio=2.7:1),0.47910401877905295,0.47910401877905295,0.47910401877905295,0.47910401877905295
V11_J10.txt,Goat,0.85,High,ɑ2 757: Capra pattern dominant (ratio=132.5:1),0.49164755297960594,0.49164755297960594,0.49164755297960594,0.49164755297960594
V11_J20.txt,Goat,0.8,High,ɑ1 586: Ovis/Capra dominant + ɑ2 757: Capra (ratio=2.9:1),0.9875975227513869,0.4875872330832229,0.4875872330832229,0.4875872330832229
V12_J1.txt,Sheep/Goat,0.6,Low,"ɑ1 586: Ovis/Capra, ɑ2 757 ambiguous",0.4899838348105565,0.4899838348105565,0.4899838348105565,0.4899838348105565
V12_J11.txt,Sheep,0.8,High,ɑ1 586: Ovis/Capra dominant + ɑ2 757: Ovis (ratio=7.4:1),0.4866951076513074,0.4866951076513074,0.4866951076513074,0.4866951076513074
V12_J21.txt,Sheep,0.9,High,ɑ1 586: Ovis/Capra + ɑ2 757: Ovis pattern (ratio=3.8:1),0.9910864893653077,0.491088664867086,0.491088664867086,0.491088664867086
V14_E16.txt,Sheep,0.9,High,ɑ1 586: Ovis/Capra + ɑ2 757: Ovis pattern (ratio=4.5:1),0.9934194615967875,0.4934125766362825,0.4934125766362825,0.4934125766362825
V14_G12.txt,Sheep,0.8,High,ɑ1 586: Ovis/Capra dominant + ɑ2 757: Ovis (ratio=2.6:1),0.4932481240391996,0.4932481240391996,0.4932481240391996,0.4932481240391996
V14_G2.txt,Sheep,0.8,High,ɑ1 586: Ovis/Capra dominant + ɑ2 757: Ovis (ratio=3.7:1),0.9933154599435552,0.49329769686597036,0.49329769686597036,0.49329769686597036
V16_J12.txt,Sheep,0.8,High,ɑ1 586: Ovis/Capra dominant + ɑ2 757: Ovis (ratio=13.0:1),0.9860214325696854,0.48597688685948837,0.48597688685948837,0.48597688685948837
V16_J2.txt,Bovidae,0.5,Low,COL3A1 and hydroxylation patterns ambiguous; Diagnostic masses inconclusive - family level only,0.9908360766182867,0.49084334550131115,0.49084334550131115,0.49084334550131115
V16_J22.txt,Sheep,0.8,High,ɑ1 586: Ovis/Capra dominant + ɑ2 757: Ovis (ratio=7.9:1),0.987528432159329,0.487507087571211,0.487507087571211,0.487507087571211
V17_E17.txt,Goat,0.85,High,ɑ2 757: Capra pattern dominant (ratio=4.9:1),0.49327651195876454,0.49327651195876454,0.49327651195876454,0.49327651195876454
V17_G13.txt,Sheep,0.9,High,ɑ1 586: Ovis/Capra + ɑ2 757: Ovis pattern (ratio=16.4:1),0.49292083854544355,0.49292083854544355,0.49292083854544355,0.49292083854544355
V17_G3.txt,Sheep,0.9,High,ɑ1 586: Ovis/Capra + ɑ2 757: Ovis pattern (ratio=47.4:1),0.4868145465024021,0.4868145465024021,0.4868145465024021,0.4868145465024021
V18_E18.txt,Bovidae,0.5,Low,COL3A1 and hydroxylation patterns ambiguous; Diagnostic masses inconclusive - family level only,0.9890646815804705,0.48904225609628904,0.48904225609628904,0.48904225609628904
V18_G14.txt,Goat,0.85,High,ɑ2 757: Capra pattern dominant (ratio=6.1:1),0.992049065226895,0.49203787846892566,0.49203787846892566,0.49203787846892566
V18_G4.txt,Bovidae,0.4,Low,No COL3A1 or hydroxylation markers found; Diagnostic masses inconclusive - family level only,0.4790185684989826,0.4790185684989826,0.4790185684989826,0.4790185684989826
V19_J13.txt,Sheep,0.8,High,ɑ1 586: Ovis/Capra dominant + ɑ2 757: Ovis (ratio=5.2:1),0.4891880223614792,0.4891880223614792,0.4891880223614792,0.4891880223614792
V19_J23.txt,Sheep,0.8,High,ɑ1 586: Ovis/Capra dominant + ɑ2 757: Ovis (ratio=3.0:1),0.4859168911788422,0.4859168911788422,0.4859168911788422,0.4859168911788422
V19_J3.txt,Sheep,0.8,High,ɑ1 586: Ovis/Capra dominant + ɑ2 757: Ovis (ratio=5.5:1),0.48878749548058653,0.48878749548058653,0.48878749548058653,0.48878749548058653
V21_E19.txt,Sheep,0.8,High,ɑ1 586: Ovis/Capra dominant + ɑ2 757: Ovis (ratio=22.2:1),0.9887324963231414,0.4887318724898312,0.4887318724898312,0.4887318724898312
V21_G15.txt,Sheep,0.8,High,ɑ1 586: Ovis/Capra dominant + ɑ2 757: Ovis (ratio=12.5:1),0.9933867296052303,0.4933879341735417,0.4933879341735417,0.4933879341735417
V21_G5.txt,Sheep,0.8,High,ɑ1 586: Ovis/Capra dominant + ɑ2 757: Ovis (ratio=17.7:1),0.9913694552189993,0.49135108196007987,0.49135108196007987,0.49135108196007987
V22_J14.txt,Sheep,0.8,High,ɑ1 586: Ovis/Capra dominant + ɑ2 757: Ovis (ratio=7.3:1),0.9879543091652221,0.4879563744006913,0.4879563744006913,0.4879563744006913
V22_J24.txt,Sheep,0.8,High,ɑ1 586: Ovis/Capra dominant + ɑ2 757: Ovis (ratio=12.2:1),0.4889817340671484,0.4889817340671484,0.4889817340671484,0.4889817340671484
V22_J4.txt,Sheep,0.8,High,ɑ1 586: Ovis/Capra dominant + ɑ2 757: Ovis (ratio=6.0:1),0.9916336744692502,0.49164444897870097,0.49164444897870097,0.49164444897870097
V25_E20.txt,Sheep,0.9,High,ɑ1 586: Ovis/Capra + ɑ2 757: Ovis pattern (ratio=15.3:1),0.9842788079102294,0.48428545206025336,0.48428545206025336,0.48428545206025336
V25_G16.txt,Sheep,0.8,High,ɑ1 586: Ovis/Capra dominant + ɑ2 757: Ovis (ratio=8.8:1),0.9868832568741093,0.48688777222471824,0.48688777222471824,0.48688777222471824
V25_G6.txt,Sheep,0.9,High,ɑ1 586: Ovis/Capra + ɑ2 757: Ovis pattern (ratio=7.5:1),0.9905279710268555,0.4905300197963923,0.4905300197963923,0.4905300197963923
V26_J15.txt,Sheep,0.8,High,ɑ1 586: Ovis/Capra dominant + ɑ2 757: Ovis (ratio=4.2:1),0.9893203887909179,0.489319113463323,0.489319113463323,0.489319113463323
V26_J5.txt,Sheep/Goat,0.6,Low,"ɑ1 586: Ovis/Capra, ɑ2 757 ambiguous",0.9894265135448852,0.48941623154034053,0.48941623154034053,0.48941623154034053
V26_K1.txt,Sheep,0.8,High,ɑ1 586: Ovis/Capra dominant + ɑ2 757: Ovis (ratio=2.4:1),0.9885904956786478,0.48858529401765877,0.48858529401765877,0.48858529401765877
V28_J16.txt,Calf,0.8,High,ɑ1 586: Bos dominant (ratio=3.1:1),0.9909689926263827,0.49095798879393215,0.49095798879393215,0.49095798879393215
V28_J6.txt,Sheep,0.9,High,ɑ1 586: Ovis/Capra + ɑ2 757: Ovis pattern (ratio=8.2:1),0.48607282679263775,0.48607282679263775,0.48607282679263775,0.48607282679263775
V28_K2.txt,Sheep,0.9,High,ɑ1 586: Ovis/Capra + ɑ2 757: Ovis pattern (ratio=15.5:1),0.982487835208603,0.48079202241561303,0.48079202241561303,0.48079202241561303
V2_C13.txt,Goat,0.85,High,ɑ2 757: Capra pattern dominant (ratio=4.9:1),0.9889931035998103,0.4889806095437109,0.4889806095437109,0.4889806095437109
V2_C24.txt,Goat,0.85,High,ɑ2 757: Capra pattern dominant (ratio=25.3:1),0.9913818087337716,0.4913825484203199,0.4913825484203199,0.4913825484203199
V2_E10.txt,Sheep,0.8,High,ɑ1 586: Ovis/Capra dominant + ɑ2 757: Ovis (ratio=9.5:1),0.990522445867462,0.490522130566864,0.490522130566864,0.490522130566864
V30_J17.txt,Sheep,0.9,High,ɑ1 586: Ovis/Capra + ɑ2 757: Ovis pattern (ratio=7.7:1),0.9907229772313475,0.4907173236876887,0.4907173236876887,0.4907173236876887
V30_J7.txt,Sheep,0.8,High,ɑ1 586: Ovis/Capra dominant + ɑ2 757: Ovis (ratio=3.4:1),0.9924427252403294,0.49234588014416547,0.49234588014416547,0.49234588014416547
V30_K3.txt,Sheep,0.8,High,ɑ1 586: Ovis/Capra dominant + ɑ2 757: Ovis (ratio=8.0:1),0.9934811905146317,0.4934813513779413,0.4934813513779413,0.4934813513779413
V36_E21.txt,Sheep,0.8,High,ɑ1 586: Ovis/Capra dominant + ɑ2 757: Ovis (ratio=2.2:1),0.4910791781088879,0.4910791781088879,0.4910791781088879,0.4910791781088879
V36_G17.txt,Sheep,0.9,High,ɑ1 586: Ovis/Capra + ɑ2 757: Ovis pattern (ratio=2.0:1),0.48405519933081076,0.48405519933081076,0.48405519933081076,0.48405519933081076
V36_G7.txt,Sheep,0.8,High,ɑ1 586: Ovis/Capra dominant + ɑ2 757: Ovis (ratio=2.1:1),0.4900194351966459,0.4900194351966459,0.4900194351966459,0.4900194351966459
V3_C14.txt,Sheep,0.8,High,ɑ1 586: Ovis/Capra dominant + ɑ2 757: Ovis (ratio=22.8:1),0.9937095719989537,0.49369949123050555,0.49369949123050555,0.49369949123050555
V3_E1.txt,Sheep,0.8,High,ɑ1 586: Ovis/Capra dominant + ɑ2 757: Ovis (ratio=24.3:1),0.986932894216136,0.48692688168074566,0.48692688168074566,0.48692688168074566
V3_E11.txt,Sheep,0.8,High,ɑ1 586: Ovis/Capra dominant + ɑ2 757: Ovis (ratio=56.7:1),0.9824065281070002,0.47830745889041204,0.47830745889041204,0.47830745889041204
V45_E22.txt,Sheep,0.8,High,ɑ1 586: Ovis/Capra dominant + ɑ2 757: Ovis (ratio=2.2:1),0.9911893411076906,0.49118070015529014,0.49118070015529014,0.49118070015529014
V45_G18.txt,Sheep,0.8,High,ɑ1 586: Ovis/Capra dominant + ɑ2 757: Ovis (ratio=2.2:1),0.9933744574345023,0.49337546697440876,0.49337546697440876,0.49337546697440876
V45_G8.txt,Sheep,0.8,High,ɑ1 586: Ovis/Capra dominant + ɑ2 757: Ovis (ratio=4.0:1),0.9910251600988156,0.4910184185102849,0.4910184185102849,0.4910184185102849
V52_E23.txt,Sheep/Goat,0.6,Low,"ɑ1 586: Ovis/Capra, ɑ2 757 ambiguous",0.4920399641656279,0.4920399641656279,0.4920399641656279,0.4920399641656279
V52_G19.txt,Goat,0.8,High,ɑ1 586: Ovis/Capra dominant + ɑ2 757: Capra (ratio=2.2:1),0.9930565195211207,0.49305470884778335,0.49305470884778335,0.49305470884778335
V52_G9.txt,Goat,0.8,High,ɑ1 586: Ovis/Capra dominant + ɑ2 757: Capra (ratio=2.5:1),0.9904690957394913,0.4904559337816417,0.4904559337816417,0.4904559337816417
V56_E24.txt,Sheep,0.8,High,ɑ1 586: Ovis/Capra dominant + ɑ2 757: Ovis (ratio=8.2:1),0.9894893758763119,0.48946749921958277,0.48946749921958277,0.48946749921958277
V56_G10.txt,Sheep,0.8,High,ɑ1 586: Ovis/Capra dominant + ɑ2 757: Ovis (ratio=5.1:1),0.9852836926881556,0.48524679588528175,0.48524679588528175,0.48524679588528175
V56_G20.txt,Sheep,0.8,High,ɑ1 586: Ovis/Capra dominant + ɑ2 757: Ovis (ratio=9.5:1),0.9922635353873168,0.49224823749377095,0.49224823749377095,0.49224823749377095
V59_G21.txt,Sheep,0.8,High,ɑ1 586: Ovis/Capra dominant + ɑ2 757: Ovis (ratio=14.8:1),0.48833914045985605,0.48833914045985605,0.48833914045985605,0.48833914045985605
V59_H17.txt,Sheep,0.8,High,ɑ1 586: Ovis/Capra dominant + ɑ2 757: Ovis (ratio=20.3:1),0.9911435459666491,0.4911345927158849,0.4911345927158849,0.4911345927158849
V59_H7.txt,Sheep,0.8,High,ɑ1 586: Ovis/Capra dominant + ɑ2 757: Ovis (ratio=27.0:1),0.4912157307485644,0.4912157307485644,0.4912157307485644,0.4912157307485644
V61_C12.txt,Sheep/Goat,0.6,Low,"ɑ1 586: Ovis/Capra, ɑ2 757 ambiguous",0.9899106688145978,0.48990876830753416,0.48990876830753416,0.48990876830753416
V61_C22.txt,Sheep,0.8,High,ɑ1 586: Ovis/Capra dominant + ɑ2 757: Ovis (ratio=17.4:1),0.983795571228369,0.4837326529714005,0.4837326529714005,0.4837326529714005
V61_E9.txt,Sheep,0.8,High,ɑ1 586: Ovis/Capra dominant + ɑ2 757: Ovis (ratio=14.5:1),0.9915454970680155,0.49154108926095724,0.49154108926095724,0.49154108926095724
V65_A1.txt,Goat,0.85,High,ɑ2 757: Capra pattern dominant (ratio=3.4:1),0.48748533641647884,0.48748533641647884,0.48748533641647884,0.48748533641647884
V65_A11.txt,Sheep,0.8,High,ɑ1 586: Ovis/Capra dominant + ɑ2 757: Ovis (ratio=6.9:1),0.9858818232852349,0.4858736346387411,0.4858736346387411,0.4858736346387411
V65_A21.txt,Sheep,0.8,High,ɑ1 586: Ovis/Capra dominant + ɑ2 757: Ovis (ratio=10.0:1),0.9903438644555129,0.4903355407733808,0.4903355407733808,0.4903355407733808
V66_G22.txt,Sheep,0.8,High,ɑ1 586: Ovis/Capra dominant + ɑ2 757: Ovis (ratio=20.8:1),0.9886556708659129,0.48864873557999355,0.48864873557999355,0.48864873557999355
V66_H18.txt,Sheep,0.8,High,ɑ1 586: Ovis/Capra dominant + ɑ2 757: Ovis (ratio=18.4:1),0.4834703569815342,0.4834703569815342,0.4834703569815342,0.4834703569815342
V66_H8.txt,Bovidae,0.4,Low,No COL3A1 or hydroxylation markers found; Diagnostic masses inconclusive - family level only,0.47327521777824044,0.47327521777824044,0.47327521777824044,0.47327521777824044
V67_G23.txt,Sheep/Goat,0.6,Low,"ɑ1 586: Ovis/Capra, ɑ2 757 ambiguous",0.4859553091684641,0.4859553091684641,0.4859553091684641,0.4859553091684641
V67_H19.txt,Sheep/Goat,0.6,Low,"ɑ2 757 ambiguous: Ovis=35668, Capra=48918",0.48816583241796707,0.48816583241796707,0.48816583241796707,0.48816583241796707
V67_H9.txt,Sheep/Goat,0.6,Low,"ɑ1 586: Ovis/Capra, ɑ2 757 ambiguous",0.4873904591275974,0.4873904591275974,0.4873904591275974,0.4873904591275974
V6_C15.txt,Sheep,0.8,High,ɑ1 586: Ovis/Capra dominant + ɑ2 757: Ovis (ratio=18.1:1),0.9920574110460958,0.49178226936639513,0.49178226936639513,0.49178226936639513
V6_E12.txt,Sheep,0.8,High,ɑ1 586: Ovis/Capra dominant + ɑ2 757: Ovis (ratio=12.3:1),0.9913647046241305,0.4910789427594186,0.4910789427594186,0.4910789427594186
V6_E2.txt,Sheep,0.8,High,ɑ1 586: Ovis/Capra dominant + ɑ2 757: Ovis (ratio=16.3:1),0.9859915802694361,0.48594556372034525,0.48594556372034525,0.48594556372034525
V70_G24.txt,Goat,0.85,High,ɑ2 757: Capra pattern dominant (ratio=18.6:1),0.9917791981030428,0.4917451852495216,0.4917451852495216,0.4917451852495216
V70_H10.txt,Goat,0.85,High,ɑ2 757: Capra pattern dominant (ratio=17.2:1),0.9868316849454948,0.48678064740593974,0.48678064740593974,0.48678064740593974
V70_H20.txt,Goat,0.85,High,ɑ2 757: Capra pattern dominant (ratio=12.8:1),0.9856352446963343,0.48558330244300363,0.48558330244300363,0.48558330244300363
V73_H1.txt,Sheep,0.8,High,ɑ1 586: Ovis/Capra dominant + ɑ2 757: Ovis (ratio=14.0:1),0.991736256269933,0.4917309096163552,0.4917309096163552,0.4917309096163552
V73_H11.txt,Sheep,0.8,High,ɑ1 586: Ovis/Capra dominant + ɑ2 757: Ovis (ratio=11.6:1),0.9918690376519441,0.49186894649465285,0.49186894649465285,0.49186894649465285
V73_H21.txt,Sheep,0.8,High,ɑ1 586: Ovis/Capra dominant + ɑ2 757: Ovis (ratio=42.0:1),0.9907908243139969,0.4907918825441461,0.4907918825441461,0.4907918825441461
V75_H12.txt,Sheep,0.8,High,ɑ1 586: Ovis/Capra dominant + ɑ2 757: Ovis (ratio=21436.0:1),0.48518573043138224,0.48518573043138224,0.48518573043138224,0.48518573043138224
V75_H2.txt,Goat,0.9,High,ɑ2 757: Capra pattern detected (3077/3093 signal=3624),0.9920025193715529,0.49199821647600633,0.49199821647600633,0.49199821647600633
V75_H22.txt,Sheep/Goat,0.6,Low,"ɑ2 757 ambiguous: Ovis=0, Capra=0",0.9906792852357615,0.4906625282762946,0.4906625282762946,0.4906625282762946
V76_A12.txt,Sheep,0.8,High,ɑ1 586: Ovis/Capra dominant + ɑ2 757: Ovis (ratio=2.2:1),0.4862942543611276,0.4862942543611276,0.4862942543611276,0.4862942543611276
V76_A2.txt,Sheep,0.8,High,ɑ1 586: Ovis/Capra dominant + ɑ2 757: Ovis (ratio=2.2:1),0.9920443018653597,0.49203929258606466,0.49203929258606466,0.49203929258606466
V76_A22.txt,Sheep,0.9,High,ɑ1 586: Ovis/Capra + ɑ2 757: Ovis pattern (ratio=3.4:1),0.49182353646846655,0.49182353646846655,0.49182353646846655,0.49182353646846655
V77_A13.txt,Sheep,0.8,High,ɑ1 586: Ovis/Capra dominant + ɑ2 757: Ovis (ratio=2.1:1),0.9901978502244342,0.49019496220478054,0.49019496220478054,0.49019496220478054
V77_A23.txt,Sheep,0.8,High,ɑ1 586: Ovis/Capra dominant + ɑ2 757: Ovis (ratio=2.2:1),0.9899623049111215,0.4899547483533388,0.4899547483533388,0.4899547483533388
V77_A3.txt,Sheep/Goat,0.6,Low,"ɑ1 586: Ovis/Capra, ɑ2 757 ambiguous",0.9881547733624467,0.4881603420646573,0.4881603420646573,0.4881603420646573
V79_A14.txt,Sheep,0.8,High,ɑ1 586: Ovis/Capra dominant + ɑ2 757: Ovis (ratio=13.7:1),0.991589201154722,0.4905089635458186,0.4905089635458186,0.4905089635458186
V79_A24.txt,Sheep,0.8,High,ɑ1 586: Ovis/Capra dominant + ɑ2 757: Ovis (ratio=13.1:1),0.9871566232933326,0.4871613344375796,0.4871613344375796,0.4871613344375796
V79_A4.txt,Sheep,0.8,High,ɑ1 586: Ovis/Capra dominant + ɑ2 757: Ovis (ratio=14.6:1),0.9879128813341183,0.4879002156417761,0.4879002156417761,0.4879002156417761
V7_C16.txt,Sheep,0.8,High,ɑ1 586: Ovis/Capra dominant + ɑ2 757: Ovis (ratio=28.4:1),0.9903102599760454,0.49029296223736335,0.49029296223736335,0.49029296223736335
V7_E13.txt,Sheep,0.9,High,ɑ1 586: Ovis/Capra + ɑ2 757: Ovis pattern (ratio=562.9:1),0.9902639646372327,0.4902550936012331,0.4902550936012331,0.4902550936012331
V7_E3.txt,Sheep,0.9,High,ɑ1 586: Ovis/Capra + ɑ2 757: Ovis pattern (ratio=33.4:1),0.9906326827304632,0.4906239318716423,0.4906239318716423,0.4906239318716423
V80_H13.txt,Goat,0.85,High,ɑ2 757: Capra pattern dominant (ratio=4.1:1),0.9910572317159922,0.4910580618042334,0.4910580618042334,0.4910580618042334
V80_H23.txt,Goat,0.85,High,ɑ2 757: Capra pattern dominant (ratio=3.7:1),0.49456867777629654,0.49456867777629654,0.49456867777629654,0.49456867777629654
V80_H3.txt,Goat,0.85,High,ɑ2 757: Capra pattern dominant (ratio=4.1:1),0.9879489014131435,0.4879476786089889,0.4879476786089889,0.4879476786089889
V81_H14.txt,Goat,0.85,High,ɑ2 757: Capra pattern dominant (ratio=5.8:1),0.4924386998293383,0.4924386998293383,0.4924386998293383,0.4924386998293383
V81_H24.txt,Goat,0.85,High,ɑ2 757: Capra pattern dominant (ratio=10.9:1),0.4858145772117758,0.4858145772117758,0.4858145772117758,0.4858145772117758
V81_H4.txt,Goat,0.85,High,ɑ2 757: Capra pattern dominant (ratio=12.1:1),0.4835592204322344,0.4835592204322344,0.4835592204322344,0.4835592204322344
V82_J18.txt,Sheep/Goat,0.6,Low,"ɑ2 757 ambiguous: Ovis=47353, Capra=38481",0.49123004257362657,0.49123004257362657,0.49123004257362657,0.49123004257362657
V82_J8.txt,Sheep/Goat,0.6,Low,"ɑ1 586: Ovis/Capra, ɑ2 757 ambiguous",0.992631221309717,0.4926222339650229,0.4926222339650229,0.4926222339650229
V82_K4.txt,Sheep/Goat,0.6,Low,"ɑ1 586: Ovis/Capra, ɑ2 757 ambiguous",0.9929564368717154,0.4929513142953619,0.4929513142953619,0.4929513142953619
V83_A15.txt,Sheep,0.8,High,ɑ1 586: Ovis/Capra dominant + ɑ2 757: Ovis (ratio=7.7:1),0.49039060855947747,0.49039060855947747,0.49039060855947747,0.49039060855947747
V83_A5.txt,Goat,0.85,High,ɑ2 757: Capra pattern dominant (ratio=3.2:1),0.992996291094894,0.4924515390556324,0.4924515390556324,0.4924515390556324
V83_C1.txt,Sheep,0.8,High,ɑ1 586: Ovis/Capra dominant + ɑ2 757: Ovis (ratio=8.8:1),0.990642376412247,0.49061959527089494,0.49061959527089494,0.49061959527089494
V84_A16.txt,Sheep,0.8,High,ɑ1 586: Ovis/Capra dominant + ɑ2 757: Ovis (ratio=176.9:1),0.48066184176640603,0.48066184176640603,0.48066184176640603,0.48066184176640603
V84_A6.txt,Bovidae,0.4,Low,No COL3A1 or hydroxylation markers found; Diagnostic masses inconclusive - family level only,0.4811355699156443,0.4811355699156443,0.4811355699156443,0.4811355699156443
V84_C3.txt,Bovidae,0.4,Low,No COL3A1 or hydroxylation markers found; Diagnostic masses inconclusive - family level only,0.4704695798442513,0.4704695798442513,0.4704695798442513,0.4704695798442513
V87_J19.txt,Sheep,0.9,High,ɑ1 586: Ovis/Capra + ɑ2 757: Ovis pattern (ratio=7.0:1),0.9735706930018782,0.4735673449842949,0.4735673449842949,0.4735673449842949
V87_J9.txt,Sheep,0.9,High,ɑ1 586: Ovis/Capra + ɑ2 757: Ovis pattern (ratio=15.1:1),0.4799077449060428,0.4799077449060428,0.4799077449060428,0.4799077449060428
V87_K5.txt,Sheep,0.9,High,ɑ1 586: Ovis/Capra + ɑ2 757: Ovis pattern (ratio=9.6:1),0.9898447770456476,0.4898464921484483,0.4898464921484483,0.4898464921484483
V88_H15.txt,Sheep/Goat,0.6,Low,"ɑ1 586: Ovis/Capra, ɑ2 757 ambiguous",0.9941985210888638,0.49419942118583554,0.49419942118583554,0.49419942118583554
V88_H5.txt,Goat,0.85,High,ɑ2 757: Capra pattern dominant (ratio=3.3:1),0.9925553616538239,0.4925534836406827,0.4925534836406827,0.4925534836406827
V88_I1.txt,Goat,0.85,High,ɑ2 757: Capra pattern dominant (ratio=3.8:1),0.9924338466880598,0.492438444027617,0.492438444027617,0.492438444027617
V89_A17.txt,Bovidae,0.4,Low,No COL3A1 or hydroxylation markers found; Diagnostic masses inconclusive - family level only,0.48353274135936186,0.48353274135936186,0.48353274135936186,0.48353274135936186
V89_A7.txt,Sheep,0.9,High,ɑ1 586: Ovis/Capra + ɑ2 757: Ovis pattern (ratio=3.2:1),0.482219328080672,0.482219328080672,0.482219328080672,0.482219328080672
V89_C4.txt,Goat,0.85,High,ɑ2 757: Capra pattern dominant (ratio=6.5:1),0.9893095792096307,0.489302045744638,0.489302045744638,0.489302045744638
V90_H16.txt,Sheep/Goat,0.6,Low,"ɑ1 586: Ovis/Capra, ɑ2 757 ambiguous",0.9898564440762592,0.48985130954893713,0.48985130954893713,0.48985130954893713
V90_H6.txt,Sheep,0.9,High,ɑ1 586: Ovis/Capra + ɑ2 757: Ovis pattern (ratio=2.1:1),0.48731299428682995,0.48731299428682995,0.48731299428682995,0.48731299428682995
V90_I2.txt,Sheep/Goat,0.6,Low,"ɑ1 586: Ovis/Capra, ɑ2 757 ambiguous",0.9912779284140782,0.4912756227061657,0.4912756227061657,0.4912756227061657
V91_I10.txt,Sheep/Goat,0.6,Low,"ɑ2 757 ambiguous: Ovis=38250, Capra=52066",0.9846700911550708,0.4846720393126773,0.4846720393126773,0.4846720393126773
V91_I17.txt,Sheep/Goat,0.6,Low,"ɑ1 586: Ovis/Capra, ɑ2 757 ambiguous",0.48625751520073457,0.48625751520073457,0.48625751520073457,0.48625751520073457
V91_I3.txt,Sheep/Goat,0.6,Low,"ɑ1 586: Ovis/Capra, ɑ2 757 ambiguous",0.9778870564314637,0.47786187139057484,0.47786187139057484,0.47786187139057484
V92_I11.txt,Sheep,0.8,High,ɑ1 586: Ovis/Capra dominant + ɑ2 757: Ovis (ratio=9.5:1),0.9925617240654727,0.492541835597688,0.492541835597688,0.492541835597688
V92_I18.txt,Sheep,0.8,High,ɑ1 586: Ovis/Capra dominant + ɑ2 757: Ovis (ratio=9.7:1),0.9930427005175855,0.49304156296641305,0.49304156296641305,0.49304156296641305
V92_I4.txt,Sheep,0.9,High,ɑ1 586: Ovis/Capra + ɑ2 757: Ovis pattern (ratio=16.8:1),0.9913980799234272,0.49137575944127015,0.49137575944127015,0.49137575944127015
V93_A18.txt,Sheep,0.8,High,ɑ1 586: Ovis/Capra dominant + ɑ2 757: Ovis (ratio=17.5:1),0.9903575737165493,0.49034835629313583,0.49034835629313583,0.49034835629313583
V93_A8.txt,Sheep,0.8,High,ɑ1 586: Ovis/Capra dominant + ɑ2 757: Ovis (ratio=46.8:1),0.48992378855652285,0.48992378855652285,0.48992378855652285,0.48992378855652285
V93_C5.txt,Goat,0.85,High,ɑ2 757: Capra pattern dominant (ratio=4.3:1),0.49123844012383355,0.49123844012383355,0.49123844012383355,0.49123844012383355
V9_C17.txt,Sheep,0.9,High,ɑ1 586: Ovis/Capra + ɑ2 757: Ovis pattern (ratio=12.2:1),0.49123130310275454,0.49123130310275454,0.49123130310275454,0.49123130310275454
V9_E14.txt,Sheep,0.8,High,ɑ1 586: Ovis/Capra dominant + ɑ2 757: Ovis (ratio=27.2:1),0.9892166589286626,0.4891496585749658,0.4891496585749658,0.4891496585749658
V9_E4.txt,Sheep,0.8,High,ɑ1 586: Ovis/Capra dominant + ɑ2 757: Ovis (ratio=12.7:1),0.49166745473687246,0.49166745473687246,0.49166745473687246,0.49166745473687246
VatLat_10696_K14.txt,Sheep,0.8,High,ɑ1 586: Ovis/Capra dominant + ɑ2 757: Ovis (ratio=65.9:1),0.9882491981893569,0.4882054935989658,0.4882054935989658,0.4882054935989658
VatLat_10696_K19.txt,Sheep,0.8,High,ɑ1 586: Ovis/Capra dominant + ɑ2 757: Ovis (ratio=30.5:1),0.9806731961181812,0.480582344375909,0.480582344375909,0.480582344375909
VatLat_10696_K9.txt,Sheep,0.8,High,ɑ1 586: Ovis/Capra dominant + ɑ2 757: Ovis (ratio=93565.0:1),0.9844044294479208,0.4843784149269768,0.4843784149269768,0.4843784149269768
regLat_316_K10.txt,Bovidae,0.4,Low,No COL3A1 or hydroxylation markers found; Diagnostic masses inconclusive - family level only,0.46881189529404,0.46881189529404,0.46881189529404,0.46881189529404
regLat_316_K15.txt,Sheep,0.8,High,ɑ1 586: Ovis/Capra dominant + ɑ2 757: Ovis (ratio=158051.0:1),0.9866761557814439,0.4866202289948069,0.4866202289948069,0.4866202289948069
regLat_316_K20.txt,Sheep,0.9,High,ɑ1 586: Ovis/Capra + ɑ2 757: Ovis pattern (ratio=550.0:1),0.9889700776416979,0.48896330171635827,0.48896330171635827,0.48896330171635827
